country,year,region,reported_deaths,estimated_deaths,low_est,high_est
Afghanistan,2005,Eastern Mediterranean,0,NA,NA,NA
Afghanistan,2007,Eastern Mediterranean,25,NA,NA,NA
Afghanistan,2008,Eastern Mediterranean,46,NA,NA,NA
Afghanistan,2009,Eastern Mediterranean,32,NA,NA,NA
Afghanistan,2010,Eastern Mediterranean,22,200,60,410
Afghanistan,2011,Eastern Mediterranean,40,242,70,490
Afghanistan,2012,Eastern Mediterranean,36,117,30,260
Afghanistan,2013,Eastern Mediterranean,24,99,30,200
Afghanistan,2014,Eastern Mediterranean,32,136,50,260
Afghanistan,2015,Eastern Mediterranean,49,175,60,320
Afghanistan,2016,Eastern Mediterranean,47,294,100,530
Afghanistan,2017,Eastern Mediterranean,10,298,110,510
Algeria,2000,Africa,2,NA,NA,NA
Algeria,2001,Africa,1,NA,NA,NA
Algeria,2008,Africa,0,NA,NA,NA
Algeria,2009,Africa,0,NA,NA,NA
Algeria,2010,Africa,1,1,NA,NA
Algeria,2011,Africa,0,0,NA,NA
Algeria,2012,Africa,0,0,NA,NA
Algeria,2013,Africa,0,0,NA,NA
Algeria,2014,Africa,0,0,NA,NA
Algeria,2015,Africa,0,0,NA,NA
Algeria,2016,Africa,0,0,NA,NA
Algeria,2017,Africa,0,0,NA,NA
Angola,2000,Africa,9510,NA,NA,NA
Angola,2001,Africa,9473,NA,NA,NA
Angola,2002,Africa,14434,NA,NA,NA
Angola,2003,Africa,38598,NA,NA,NA
Angola,2004,Africa,12459,NA,NA,NA
Angola,2005,Africa,13768,NA,NA,NA
Angola,2006,Africa,10220,NA,NA,NA
Angola,2007,Africa,9812,NA,NA,NA
Angola,2008,Africa,9465,NA,NA,NA
Angola,2009,Africa,10530,NA,NA,NA
Angola,2010,Africa,8114,13351,9730,17000
Angola,2011,Africa,6909,12763,9270,16300
Angola,2012,Africa,5736,12437,9050,15800
Angola,2013,Africa,7300,12399,9070,15700
Angola,2014,Africa,5714,12763,9410,16100
Angola,2015,Africa,7832,13046,9640,16400
Angola,2016,Africa,15997,13197,9840,16600
Angola,2017,Africa,13967,13316,9970,16600
Argentina,2000,Americas,0,NA,NA,NA
Argentina,2001,Americas,0,NA,NA,NA
Argentina,2002,Americas,0,NA,NA,NA
Argentina,2003,Americas,1,NA,NA,NA
Argentina,2004,Americas,0,NA,NA,NA
Argentina,2005,Americas,0,NA,NA,NA
Argentina,2006,Americas,0,NA,NA,NA
Argentina,2007,Americas,0,NA,NA,NA
Argentina,2008,Americas,0,NA,NA,NA
Argentina,2009,Americas,0,NA,NA,NA
Argentina,2010,Americas,0,0,NA,NA
Argentina,2011,Americas,0,0,NA,NA
Argentina,2012,Americas,0,0,NA,NA
Argentina,2013,Americas,0,0,NA,NA
Argentina,2014,Americas,0,0,NA,NA
Argentina,2015,Americas,0,0,NA,NA
Argentina,2016,Americas,0,0,NA,NA
Argentina,2017,Americas,1,0,NA,NA
Armenia,2000,Europe,0,NA,NA,NA
Armenia,2001,Europe,0,NA,NA,NA
Armenia,2002,Europe,0,NA,NA,NA
Armenia,2003,Europe,0,NA,NA,NA
Armenia,2004,Europe,0,NA,NA,NA
Armenia,2005,Europe,0,NA,NA,NA
Armenia,2006,Europe,0,NA,NA,NA
Armenia,2007,Europe,0,NA,NA,NA
Armenia,2008,Europe,0,NA,NA,NA
Armenia,2009,Europe,0,NA,NA,NA
Armenia,2010,Europe,0,0,NA,NA
Armenia,2011,Europe,0,0,NA,NA
Armenia,2012,Europe,0,0,NA,NA
Armenia,2013,Europe,0,0,NA,NA
Armenia,2014,Europe,0,0,NA,NA
Armenia,2015,Europe,0,0,NA,NA
Armenia,2016,Europe,0,0,NA,NA
Azerbaijan,2000,Europe,0,NA,NA,NA
Azerbaijan,2001,Europe,0,NA,NA,NA
Azerbaijan,2002,Europe,0,NA,NA,NA
Azerbaijan,2003,Europe,0,NA,NA,NA
Azerbaijan,2004,Europe,0,NA,NA,NA
Azerbaijan,2005,Europe,0,NA,NA,NA
Azerbaijan,2006,Europe,0,NA,NA,NA
Azerbaijan,2007,Europe,0,NA,NA,NA
Azerbaijan,2008,Europe,0,NA,NA,NA
Azerbaijan,2009,Europe,0,NA,NA,NA
Azerbaijan,2010,Europe,0,0,NA,NA
Azerbaijan,2011,Europe,0,0,NA,NA
Azerbaijan,2012,Europe,0,0,NA,NA
Azerbaijan,2013,Europe,0,0,NA,NA
Azerbaijan,2014,Europe,0,0,NA,NA
Azerbaijan,2015,Europe,0,0,NA,NA
Azerbaijan,2016,Europe,0,0,NA,NA
Bangladesh,2000,South-East Asia,484,NA,NA,NA
Bangladesh,2001,South-East Asia,470,NA,NA,NA
Bangladesh,2002,South-East Asia,598,NA,NA,NA
Bangladesh,2003,South-East Asia,574,NA,NA,NA
Bangladesh,2004,South-East Asia,505,NA,NA,NA
Bangladesh,2005,South-East Asia,501,NA,NA,NA
Bangladesh,2006,South-East Asia,508,NA,NA,NA
Bangladesh,2007,South-East Asia,228,NA,NA,NA
Bangladesh,2008,South-East Asia,154,NA,NA,NA
Bangladesh,2009,South-East Asia,47,NA,NA,NA
Bangladesh,2010,South-East Asia,37,274,10,470
Bangladesh,2011,South-East Asia,36,250,10,420
Bangladesh,2012,South-East Asia,11,87,3,140
Bangladesh,2013,South-East Asia,15,60,2,100
Bangladesh,2014,South-East Asia,45,132,5,210
Bangladesh,2015,South-East Asia,9,107,4,180
Bangladesh,2016,South-East Asia,17,73,3,120
Bangladesh,2017,South-East Asia,13,76,3,130
Belize,2000,Americas,0,NA,NA,NA
Belize,2001,Americas,0,NA,NA,NA
Belize,2002,Americas,0,NA,NA,NA
Belize,2004,Americas,1,NA,NA,NA
Belize,2005,Americas,0,NA,NA,NA
Belize,2006,Americas,1,NA,NA,NA
Belize,2007,Americas,0,NA,NA,NA
Belize,2008,Americas,0,NA,NA,NA
Belize,2009,Americas,0,NA,NA,NA
Belize,2010,Americas,0,0,NA,NA
Belize,2011,Americas,0,0,NA,NA
Belize,2012,Americas,0,0,NA,NA
Belize,2013,Americas,0,0,NA,NA
Belize,2014,Americas,0,0,NA,NA
Belize,2015,Americas,0,0,NA,NA
Belize,2016,Americas,0,0,NA,NA
Belize,2017,Americas,0,0,NA,NA
Benin,2001,Africa,468,NA,NA,NA
Benin,2002,Africa,707,NA,NA,NA
Benin,2003,Africa,560,NA,NA,NA
Benin,2004,Africa,944,NA,NA,NA
Benin,2005,Africa,322,NA,NA,NA
Benin,2006,Africa,1226,NA,NA,NA
Benin,2007,Africa,1290,NA,NA,NA
Benin,2008,Africa,918,NA,NA,NA
Benin,2009,Africa,1375,NA,NA,NA
Benin,2010,Africa,964,8273,6520,10000
Benin,2011,Africa,1753,7554,5900,9210
Benin,2012,Africa,2261,6940,5380,8500
Benin,2013,Africa,2288,6633,5130,8140
Benin,2014,Africa,1869,6709,5190,8220
Benin,2015,Africa,1416,6872,5340,8410
Benin,2016,Africa,1646,7137,5570,8710
Benin,2017,Africa,2182,7328,5740,8920
Bhutan,2000,South-East Asia,15,NA,NA,NA
Bhutan,2001,South-East Asia,14,NA,NA,NA
Bhutan,2002,South-East Asia,11,NA,NA,NA
Bhutan,2003,South-East Asia,14,NA,NA,NA
Bhutan,2004,South-East Asia,7,NA,NA,NA
Bhutan,2005,South-East Asia,5,NA,NA,NA
Bhutan,2006,South-East Asia,7,NA,NA,NA
Bhutan,2007,South-East Asia,2,NA,NA,NA
Bhutan,2008,South-East Asia,2,NA,NA,NA
Bhutan,2009,South-East Asia,4,NA,NA,NA
Bhutan,2010,South-East Asia,2,2,NA,NA
Bhutan,2011,South-East Asia,1,1,NA,NA
Bhutan,2012,South-East Asia,1,1,NA,NA
Bhutan,2013,South-East Asia,0,0,NA,NA
Bhutan,2014,South-East Asia,0,0,NA,NA
Bhutan,2015,South-East Asia,0,0,NA,NA
Bhutan,2016,South-East Asia,0,0,NA,NA
Bhutan,2017,South-East Asia,1,0,NA,NA
Bolivia (Plurinational State of),2000,Americas,11,NA,NA,NA
Bolivia (Plurinational State of),2001,Americas,0,NA,NA,NA
Bolivia (Plurinational State of),2002,Americas,4,NA,NA,NA
Bolivia (Plurinational State of),2003,Americas,1,NA,NA,NA
Bolivia (Plurinational State of),2004,Americas,3,NA,NA,NA
Bolivia (Plurinational State of),2005,Americas,0,NA,NA,NA
Bolivia (Plurinational State of),2006,Americas,0,NA,NA,NA
Bolivia (Plurinational State of),2007,Americas,0,NA,NA,NA
Bolivia (Plurinational State of),2008,Americas,0,NA,NA,NA
Bolivia (Plurinational State of),2009,Americas,0,NA,NA,NA
Bolivia (Plurinational State of),2010,Americas,0,11,3,20
Bolivia (Plurinational State of),2011,Americas,0,5,1,9
Bolivia (Plurinational State of),2012,Americas,0,5,1,9
Bolivia (Plurinational State of),2013,Americas,0,7,1,10
Bolivia (Plurinational State of),2014,Americas,1,5,1,9
Bolivia (Plurinational State of),2015,Americas,0,3,1,7
Bolivia (Plurinational State of),2016,Americas,0,2,0,5
Bolivia (Plurinational State of),2017,Americas,0,2,0,4
Botswana,2001,Africa,29,NA,NA,NA
Botswana,2002,Africa,23,NA,NA,NA
Botswana,2003,Africa,18,NA,NA,NA
Botswana,2004,Africa,19,NA,NA,NA
Botswana,2005,Africa,11,NA,NA,NA
Botswana,2006,Africa,40,NA,NA,NA
Botswana,2007,Africa,6,NA,NA,NA
Botswana,2008,Africa,12,NA,NA,NA
Botswana,2009,Africa,6,NA,NA,NA
Botswana,2010,Africa,8,7,0,30
Botswana,2011,Africa,8,1,0,3
Botswana,2012,Africa,3,0,0,1
Botswana,2013,Africa,7,1,0,3
Botswana,2014,Africa,22,5,0,10
Botswana,2015,Africa,5,1,0,2
Botswana,2016,Africa,3,2,0,5
Botswana,2017,Africa,17,7,0,20
Brazil,2000,Americas,245,NA,NA,NA
Brazil,2001,Americas,142,NA,NA,NA
Brazil,2002,Americas,95,NA,NA,NA
Brazil,2003,Americas,104,NA,NA,NA
Brazil,2004,Americas,102,NA,NA,NA
Brazil,2005,Americas,123,NA,NA,NA
Brazil,2006,Americas,110,NA,NA,NA
Brazil,2007,Americas,93,NA,NA,NA
Brazil,2008,Americas,68,NA,NA,NA
Brazil,2009,Americas,85,NA,NA,NA
Brazil,2010,Americas,76,76,NA,NA
Brazil,2011,Americas,70,70,NA,NA
Brazil,2012,Americas,60,60,NA,NA
Brazil,2013,Americas,40,40,NA,NA
Brazil,2014,Americas,36,36,NA,NA
Brazil,2015,Americas,35,35,NA,NA
Brazil,2016,Americas,35,35,NA,NA
Brazil,2017,Americas,30,30,NA,NA
Burkina Faso,2001,Africa,4233,NA,NA,NA
Burkina Faso,2002,Africa,4032,NA,NA,NA
Burkina Faso,2003,Africa,4860,NA,NA,NA
Burkina Faso,2004,Africa,4205,NA,NA,NA
Burkina Faso,2005,Africa,5224,NA,NA,NA
Burkina Faso,2006,Africa,8083,NA,NA,NA
Burkina Faso,2007,Africa,6472,NA,NA,NA
Burkina Faso,2008,Africa,7834,NA,NA,NA
Burkina Faso,2009,Africa,7982,NA,NA,NA
Burkina Faso,2010,Africa,9024,43695,37300,50100
Burkina Faso,2011,Africa,7001,40873,35100,46600
Burkina Faso,2012,Africa,7963,37028,32100,42000
Burkina Faso,2013,Africa,6294,33414,29200,37600
Burkina Faso,2014,Africa,5632,31910,28100,35700
Burkina Faso,2015,Africa,5379,29833,26500,33100
Burkina Faso,2016,Africa,3974,28453,25600,31400
Burkina Faso,2017,Africa,4144,27791,25100,30500
Burundi,2000,Africa,691,NA,NA,NA
Burundi,2001,Africa,417,NA,NA,NA
Burundi,2002,Africa,483,NA,NA,NA
Burundi,2003,Africa,425,NA,NA,NA
Burundi,2004,Africa,689,NA,NA,NA
Burundi,2005,Africa,776,NA,NA,NA
Burundi,2006,Africa,434,NA,NA,NA
Burundi,2007,Africa,167,NA,NA,NA
Burundi,2008,Africa,595,NA,NA,NA
Burundi,2009,Africa,1183,NA,NA,NA
Burundi,2010,Africa,2677,4801,3840,5760
Burundi,2011,Africa,2233,4724,3800,5660
Burundi,2012,Africa,2263,4876,3940,5820
Burundi,2013,Africa,3411,4857,3930,5790
Burundi,2014,Africa,2974,4964,4030,5900
Burundi,2015,Africa,3799,5044,4110,5980
Burundi,2016,Africa,5853,5161,4220,6100
Burundi,2017,Africa,4414,5253,4300,6200
Cabo Verde,2001,Africa,0,NA,NA,NA
Cabo Verde,2002,Africa,2,NA,NA,NA
Cabo Verde,2003,Africa,4,NA,NA,NA
Cabo Verde,2004,Africa,4,NA,NA,NA
Cabo Verde,2005,Africa,2,NA,NA,NA
Cabo Verde,2006,Africa,8,NA,NA,NA
Cabo Verde,2007,Africa,2,NA,NA,NA
Cabo Verde,2008,Africa,2,NA,NA,NA
Cabo Verde,2009,Africa,2,NA,NA,NA
Cabo Verde,2010,Africa,1,1,NA,NA
Cabo Verde,2011,Africa,1,1,NA,NA
Cabo Verde,2012,Africa,0,0,NA,NA
Cabo Verde,2013,Africa,0,0,NA,NA
Cabo Verde,2014,Africa,1,2,NA,NA
Cabo Verde,2015,Africa,0,0,NA,NA
Cabo Verde,2016,Africa,1,1,NA,NA
Cabo Verde,2017,Africa,2,1,NA,NA
Cambodia,2000,Western Pacific,608,NA,NA,NA
Cambodia,2001,Western Pacific,476,NA,NA,NA
Cambodia,2002,Western Pacific,457,NA,NA,NA
Cambodia,2003,Western Pacific,492,NA,NA,NA
Cambodia,2004,Western Pacific,382,NA,NA,NA
Cambodia,2005,Western Pacific,296,NA,NA,NA
Cambodia,2006,Western Pacific,396,NA,NA,NA
Cambodia,2007,Western Pacific,241,NA,NA,NA
Cambodia,2008,Western Pacific,209,NA,NA,NA
Cambodia,2009,Western Pacific,279,NA,NA,NA
Cambodia,2010,Western Pacific,151,659,40,1170
Cambodia,2011,Western Pacific,94,657,50,1120
Cambodia,2012,Western Pacific,45,393,40,670
Cambodia,2013,Western Pacific,12,238,20,400
Cambodia,2014,Western Pacific,18,410,30,700
Cambodia,2015,Western Pacific,10,385,30,660
Cambodia,2016,Western Pacific,3,210,20,360
Cambodia,2017,Western Pacific,1,345,30,590
Cameroon,2005,Africa,836,NA,NA,NA
Cameroon,2006,Africa,930,NA,NA,NA
Cameroon,2007,Africa,1811,NA,NA,NA
Cameroon,2008,Africa,7673,NA,NA,NA
Cameroon,2009,Africa,4943,NA,NA,NA
Cameroon,2010,Africa,4536,12340,9450,15200
Cameroon,2011,Africa,3808,11848,9060,14600
Cameroon,2012,Africa,3209,12301,9450,15200
Cameroon,2013,Africa,4349,12484,9620,15400
Cameroon,2014,Africa,4398,12638,9710,15500
Cameroon,2015,Africa,3440,12445,9580,15300
Cameroon,2016,Africa,2639,11999,9230,14800
Cameroon,2017,Africa,3195,11566,8900,14200
Central African Republic,2000,Africa,439,NA,NA,NA
Central African Republic,2001,Africa,535,NA,NA,NA
Central African Republic,2003,Africa,417,NA,NA,NA
Central African Republic,2004,Africa,859,NA,NA,NA
Central African Republic,2005,Africa,668,NA,NA,NA
Central African Republic,2006,Africa,865,NA,NA,NA
Central African Republic,2007,Africa,578,NA,NA,NA
Central African Republic,2008,Africa,456,NA,NA,NA
Central African Republic,2009,Africa,667,NA,NA,NA
Central African Republic,2010,Africa,526,8165,6590,9730
Central African Republic,2011,Africa,858,7426,6020,8830
Central African Republic,2012,Africa,1442,6739,5480,7990
Central African Republic,2013,Africa,1026,6106,4990,7220
Central African Republic,2014,Africa,635,5668,4640,6690
Central African Republic,2015,Africa,1763,5289,4350,6220
Central African Republic,2016,Africa,2668,4998,4130,5870
Central African Republic,2017,Africa,3689,4804,3980,5640
Chad,2000,Africa,712,NA,NA,NA
Chad,2001,Africa,957,NA,NA,NA
Chad,2002,Africa,98,NA,NA,NA
Chad,2003,Africa,1021,NA,NA,NA
Chad,2004,Africa,13,NA,NA,NA
Chad,2005,Africa,558,NA,NA,NA
Chad,2006,Africa,837,NA,NA,NA
Chad,2007,Africa,617,NA,NA,NA
Chad,2008,Africa,1018,NA,NA,NA
Chad,2009,Africa,221,NA,NA,NA
Chad,2010,Africa,886,13695,10300,17000
Chad,2011,Africa,1220,12809,9660,16000
Chad,2012,Africa,1359,11575,8700,14400
Chad,2013,Africa,1881,10632,8000,13300
Chad,2014,Africa,1720,9749,7350,12200
Chad,2015,Africa,1572,9206,6950,11500
Chad,2016,Africa,1686,8900,6730,11100
Chad,2017,Africa,2088,8729,6640,10800
China,2000,Western Pacific,31,NA,NA,NA
China,2001,Western Pacific,27,NA,NA,NA
China,2002,Western Pacific,42,NA,NA,NA
China,2003,Western Pacific,52,NA,NA,NA
China,2004,Western Pacific,31,NA,NA,NA
China,2005,Western Pacific,48,NA,NA,NA
China,2006,Western Pacific,37,NA,NA,NA
China,2007,Western Pacific,18,NA,NA,NA
China,2008,Western Pacific,23,NA,NA,NA
China,2009,Western Pacific,10,NA,NA,NA
China,2010,Western Pacific,19,19,NA,NA
China,2011,Western Pacific,33,33,NA,NA
China,2012,Western Pacific,0,0,NA,NA
China,2013,Western Pacific,0,0,NA,NA
China,2014,Western Pacific,0,0,NA,NA
China,2015,Western Pacific,20,0,NA,NA
China,2016,Western Pacific,15,0,NA,NA
China,2017,Western Pacific,7,0,NA,NA
Colombia,2000,Americas,124,NA,NA,NA
Colombia,2001,Americas,168,NA,NA,NA
Colombia,2002,Americas,162,NA,NA,NA
Colombia,2003,Americas,118,NA,NA,NA
Colombia,2004,Americas,126,NA,NA,NA
Colombia,2005,Americas,87,NA,NA,NA
Colombia,2006,Americas,77,NA,NA,NA
Colombia,2007,Americas,68,NA,NA,NA
Colombia,2008,Americas,54,NA,NA,NA
Colombia,2009,Americas,28,NA,NA,NA
Colombia,2010,Americas,42,42,NA,NA
Colombia,2011,Americas,23,23,NA,NA
Colombia,2012,Americas,24,24,NA,NA
Colombia,2013,Americas,10,10,NA,NA
Colombia,2014,Americas,17,17,NA,NA
Colombia,2015,Americas,18,0,NA,NA
Colombia,2016,Americas,36,0,NA,NA
Colombia,2017,Americas,19,0,NA,NA
Comoros,2004,Africa,28,NA,NA,NA
Comoros,2005,Africa,92,NA,NA,NA
Comoros,2006,Africa,56,NA,NA,NA
Comoros,2007,Africa,20,NA,NA,NA
Comoros,2008,Africa,47,NA,NA,NA
Comoros,2010,Africa,53,90,3,140
Comoros,2011,Africa,19,61,2,100
Comoros,2012,Africa,17,126,5,200
Comoros,2013,Africa,15,134,5,210
Comoros,2014,Africa,0,5,0,8
Comoros,2015,Africa,1,3,0,5
Comoros,2016,Africa,0,2,0,4
Comoros,2017,Africa,3,8,0,10
Congo,2007,Africa,113,NA,NA,NA
Congo,2008,Africa,143,NA,NA,NA
Congo,2009,Africa,116,NA,NA,NA
Congo,2011,Africa,892,1948,1710,2190
Congo,2012,Africa,623,1951,1720,2180
Congo,2013,Africa,2870,1994,1760,2230
Congo,2014,Africa,271,2000,1770,2230
Congo,2015,Africa,435,2001,1780,2220
Congo,2016,Africa,733,1996,1780,2210
Congo,2017,Africa,229,1993,1790,2190
Costa Rica,2000,Americas,0,NA,NA,NA
Costa Rica,2001,Americas,0,NA,NA,NA
Costa Rica,2002,Americas,0,NA,NA,NA
Costa Rica,2003,Americas,0,NA,NA,NA
Costa Rica,2004,Americas,0,NA,NA,NA
Costa Rica,2005,Americas,0,NA,NA,NA
Costa Rica,2006,Americas,0,NA,NA,NA
Costa Rica,2007,Americas,0,NA,NA,NA
Costa Rica,2008,Americas,0,NA,NA,NA
Costa Rica,2009,Americas,1,NA,NA,NA
Costa Rica,2010,Americas,0,0,NA,NA
Costa Rica,2011,Americas,0,0,NA,NA
Costa Rica,2012,Americas,0,0,NA,NA
Costa Rica,2013,Americas,0,0,NA,NA
Costa Rica,2014,Americas,0,0,NA,NA
Costa Rica,2015,Americas,0,0,NA,NA
Costa Rica,2016,Americas,0,0,NA,NA
Costa Rica,2017,Americas,0,0,NA,NA
Côte d'Ivoire,2007,Africa,797,NA,NA,NA
Côte d'Ivoire,2008,Africa,1249,NA,NA,NA
Côte d'Ivoire,2009,Africa,18156,NA,NA,NA
Côte d'Ivoire,2010,Africa,1023,16925,13800,20000
Côte d'Ivoire,2011,Africa,1389,14960,12200,17700
Côte d'Ivoire,2012,Africa,1534,12502,10300,14700
Côte d'Ivoire,2013,Africa,3261,10871,9020,12700
Côte d'Ivoire,2014,Africa,4069,9793,8200,11400
Côte d'Ivoire,2015,Africa,2604,9800,8220,11400
Côte d'Ivoire,2016,Africa,3340,9579,8080,11100
Côte d'Ivoire,2017,Africa,3222,9579,8090,11100
Democratic People's Republic of Korea,2007,South-East Asia,0,NA,NA,NA
Democratic People's Republic of Korea,2008,South-East Asia,0,NA,NA,NA
Democratic People's Republic of Korea,2009,South-East Asia,0,NA,NA,NA
Democratic People's Republic of Korea,2010,South-East Asia,0,0,NA,NA
Democratic People's Republic of Korea,2011,South-East Asia,0,0,NA,NA
Democratic People's Republic of Korea,2012,South-East Asia,0,0,NA,NA
Democratic People's Republic of Korea,2013,South-East Asia,0,0,NA,NA
Democratic People's Republic of Korea,2014,South-East Asia,0,0,NA,NA
Democratic People's Republic of Korea,2015,South-East Asia,0,0,NA,NA
Democratic People's Republic of Korea,2016,South-East Asia,0,0,NA,NA
Democratic People's Republic of Korea,2017,South-East Asia,0,0,NA,NA
Democratic Republic of the Congo,2000,Africa,3856,NA,NA,NA
Democratic Republic of the Congo,2001,Africa,416,NA,NA,NA
Democratic Republic of the Congo,2002,Africa,2152,NA,NA,NA
Democratic Republic of the Congo,2003,Africa,989,NA,NA,NA
Democratic Republic of the Congo,2004,Africa,13613,NA,NA,NA
Democratic Republic of the Congo,2005,Africa,15322,NA,NA,NA
Democratic Republic of the Congo,2006,Africa,12970,NA,NA,NA
Democratic Republic of the Congo,2007,Africa,14372,NA,NA,NA
Democratic Republic of the Congo,2008,Africa,17940,NA,NA,NA
Democratic Republic of the Congo,2009,Africa,21168,NA,NA,NA
Democratic Republic of the Congo,2010,Africa,23476,62375,48100,76600
Democratic Republic of the Congo,2011,Africa,23748,53765,41200,66300
Democratic Republic of the Congo,2012,Africa,21601,48763,37300,60200
Democratic Republic of the Congo,2013,Africa,30918,46747,35800,57600
Democratic Republic of the Congo,2014,Africa,25502,46449,35600,57300
Democratic Republic of the Congo,2015,Africa,39054,46276,35500,57000
Democratic Republic of the Congo,2016,Africa,33997,46408,35600,57200
Democratic Republic of the Congo,2017,Africa,27458,46007,35400,56600
Djibouti,2006,Eastern Mediterranean,29,NA,NA,NA
Djibouti,2007,Eastern Mediterranean,1,NA,NA,NA
Djibouti,2009,Eastern Mediterranean,0,NA,NA,NA
Djibouti,2010,Eastern Mediterranean,0,0,NA,NA
Djibouti,2011,Eastern Mediterranean,0,0,NA,NA
Djibouti,2012,Eastern Mediterranean,0,0,NA,NA
Djibouti,2013,Eastern Mediterranean,17,17,NA,NA
Djibouti,2014,Eastern Mediterranean,28,28,NA,NA
Djibouti,2015,Eastern Mediterranean,23,23,NA,NA
Djibouti,2016,Eastern Mediterranean,5,5,NA,NA
Dominican Republic,2000,Americas,6,NA,NA,NA
Dominican Republic,2001,Americas,17,NA,NA,NA
Dominican Republic,2002,Americas,11,NA,NA,NA
Dominican Republic,2003,Americas,12,NA,NA,NA
Dominican Republic,2004,Americas,16,NA,NA,NA
Dominican Republic,2005,Americas,16,NA,NA,NA
Dominican Republic,2006,Americas,10,NA,NA,NA
Dominican Republic,2007,Americas,17,NA,NA,NA
Dominican Republic,2008,Americas,11,NA,NA,NA
Dominican Republic,2009,Americas,14,NA,NA,NA
Dominican Republic,2010,Americas,15,10,0,20
Dominican Republic,2011,Americas,10,5,0,8
Dominican Republic,2012,Americas,8,3,0,5
Dominican Republic,2013,Americas,5,1,0,3
Dominican Republic,2014,Americas,4,1,0,2
Dominican Republic,2015,Americas,3,1,0,3
Dominican Republic,2016,Americas,2,2,0,4
Dominican Republic,2017,Americas,1,1,0,1
Ecuador,2000,Americas,66,NA,NA,NA
Ecuador,2001,Americas,84,NA,NA,NA
Ecuador,2002,Americas,64,NA,NA,NA
Ecuador,2003,Americas,46,NA,NA,NA
Ecuador,2004,Americas,37,NA,NA,NA
Ecuador,2005,Americas,22,NA,NA,NA
Ecuador,2006,Americas,9,NA,NA,NA
Ecuador,2007,Americas,8,NA,NA,NA
Ecuador,2008,Americas,5,NA,NA,NA
Ecuador,2009,Americas,6,NA,NA,NA
Ecuador,2010,Americas,0,0,NA,NA
Ecuador,2011,Americas,0,0,NA,NA
Ecuador,2012,Americas,0,0,NA,NA
Ecuador,2013,Americas,0,0,NA,NA
Ecuador,2014,Americas,0,0,NA,NA
Ecuador,2015,Americas,0,0,NA,NA
Ecuador,2016,Americas,0,0,NA,NA
Ecuador,2017,Americas,1,0,NA,NA
Egypt,2006,Eastern Mediterranean,0,NA,NA,NA
Egypt,2007,Eastern Mediterranean,0,NA,NA,NA
Egypt,2008,Eastern Mediterranean,2,NA,NA,NA
Egypt,2009,Eastern Mediterranean,2,NA,NA,NA
Egypt,2010,Eastern Mediterranean,2,2,NA,NA
Egypt,2011,Eastern Mediterranean,4,4,NA,NA
El Salvador,2000,Americas,0,NA,NA,NA
El Salvador,2001,Americas,0,NA,NA,NA
El Salvador,2002,Americas,0,NA,NA,NA
El Salvador,2003,Americas,0,NA,NA,NA
El Salvador,2004,Americas,0,NA,NA,NA
El Salvador,2005,Americas,0,NA,NA,NA
El Salvador,2006,Americas,0,NA,NA,NA
El Salvador,2007,Americas,0,NA,NA,NA
El Salvador,2008,Americas,0,NA,NA,NA
El Salvador,2009,Americas,0,NA,NA,NA
El Salvador,2010,Americas,0,0,NA,NA
El Salvador,2011,Americas,0,0,NA,NA
El Salvador,2012,Americas,0,0,NA,NA
El Salvador,2013,Americas,0,0,NA,NA
El Salvador,2014,Americas,0,0,NA,NA
El Salvador,2015,Americas,0,0,NA,NA
El Salvador,2016,Americas,0,0,NA,NA
El Salvador,2017,Americas,0,0,NA,NA
Equatorial Guinea,2008,Africa,4,NA,NA,NA
Equatorial Guinea,2009,Africa,23,NA,NA,NA
Equatorial Guinea,2010,Africa,30,1047,840,1260
Equatorial Guinea,2011,Africa,52,1079,860,1300
Equatorial Guinea,2012,Africa,77,1067,850,1280
Equatorial Guinea,2013,Africa,66,1017,810,1220
Equatorial Guinea,2015,Africa,28,807,640,970
Equatorial Guinea,2016,Africa,109,728,580,880
Eritrea,2001,Africa,133,NA,NA,NA
Eritrea,2002,Africa,86,NA,NA,NA
Eritrea,2003,Africa,79,NA,NA,NA
Eritrea,2004,Africa,24,NA,NA,NA
Eritrea,2005,Africa,49,NA,NA,NA
Eritrea,2006,Africa,47,NA,NA,NA
Eritrea,2007,Africa,42,NA,NA,NA
Eritrea,2008,Africa,19,NA,NA,NA
Eritrea,2009,Africa,23,NA,NA,NA
Eritrea,2010,Africa,27,161,9,330
Eritrea,2011,Africa,12,142,9,290
Eritrea,2012,Africa,30,85,6,180
Eritrea,2013,Africa,6,88,5,180
Eritrea,2014,Africa,15,227,10,470
Eritrea,2015,Africa,12,129,6,270
Eritrea,2016,Africa,21,198,7,440
Eritrea,2017,Africa,8,222,10,460
Eswatini,2001,Africa,62,NA,NA,NA
Eswatini,2002,Africa,46,NA,NA,NA
Eswatini,2003,Africa,30,NA,NA,NA
Eswatini,2004,Africa,28,NA,NA,NA
Eswatini,2005,Africa,17,NA,NA,NA
Eswatini,2006,Africa,27,NA,NA,NA
Eswatini,2007,Africa,17,NA,NA,NA
Eswatini,2008,Africa,10,NA,NA,NA
Eswatini,2009,Africa,13,NA,NA,NA
Eswatini,2010,Africa,8,0,0,1
Eswatini,2011,Africa,1,1,0,2
Eswatini,2012,Africa,3,1,0,2
Eswatini,2013,Africa,4,2,0,3
Eswatini,2015,Africa,5,0,NA,NA
Eswatini,2016,Africa,3,0,0,1
Eswatini,2017,Africa,20,1,0,2
Ethiopia,2001,Africa,1681,NA,NA,NA
Ethiopia,2002,Africa,1607,NA,NA,NA
Ethiopia,2003,Africa,2138,NA,NA,NA
Ethiopia,2004,Africa,3327,NA,NA,NA
Ethiopia,2005,Africa,1086,NA,NA,NA
Ethiopia,2006,Africa,1357,NA,NA,NA
Ethiopia,2007,Africa,991,NA,NA,NA
Ethiopia,2008,Africa,1169,NA,NA,NA
Ethiopia,2009,Africa,1121,NA,NA,NA
Ethiopia,2010,Africa,1581,14514,60,64700
Ethiopia,2011,Africa,936,8489,50,45000
Ethiopia,2012,Africa,1621,8816,50,46500
Ethiopia,2013,Africa,358,9520,50,50800
Ethiopia,2014,Africa,213,6694,60,24000
Ethiopia,2015,Africa,662,6795,80,22700
Ethiopia,2016,Africa,510,5705,80,17900
Ethiopia,2017,Africa,356,5369,80,16700
Gabon,2000,Africa,2016,NA,NA,NA
Gabon,2001,Africa,1693,NA,NA,NA
Gabon,2002,Africa,1141,NA,NA,NA
Gabon,2003,Africa,692,NA,NA,NA
Gabon,2004,Africa,466,NA,NA,NA
Gabon,2005,Africa,353,NA,NA,NA
Gabon,2006,Africa,238,NA,NA,NA
Gabon,2007,Africa,216,NA,NA,NA
Gabon,2008,Africa,156,NA,NA,NA
Gabon,2009,Africa,197,NA,NA,NA
Gabon,2010,Africa,182,413,360,460
Gabon,2011,Africa,74,438,380,490
Gabon,2012,Africa,134,460,400,520
Gabon,2013,Africa,273,478,420,540
Gabon,2014,Africa,159,490,430,550
Gabon,2015,Africa,309,498,440,560
Gabon,2016,Africa,101,502,440,560
Gabon,2017,Africa,218,505,450,560
Gambia,2001,Africa,275,NA,NA,NA
Gambia,2002,Africa,259,NA,NA,NA
Gambia,2003,Africa,192,NA,NA,NA
Gambia,2004,Africa,153,NA,NA,NA
Gambia,2005,Africa,426,NA,NA,NA
Gambia,2006,Africa,150,NA,NA,NA
Gambia,2007,Africa,424,NA,NA,NA
Gambia,2008,Africa,403,NA,NA,NA
Gambia,2009,Africa,240,NA,NA,NA
Gambia,2010,Africa,151,619,520,720
Gambia,2011,Africa,440,631,530,730
Gambia,2012,Africa,289,636,540,730
Gambia,2013,Africa,262,644,550,740
Gambia,2014,Africa,170,652,560,750
Gambia,2015,Africa,167,659,570,750
Gambia,2016,Africa,79,667,580,760
Gambia,2017,Africa,54,674,580,760
Georgia,2000,Europe,0,NA,NA,NA
Georgia,2001,Europe,0,NA,NA,NA
Georgia,2002,Europe,0,NA,NA,NA
Georgia,2003,Europe,0,NA,NA,NA
Georgia,2004,Europe,0,NA,NA,NA
Georgia,2005,Europe,0,NA,NA,NA
Georgia,2006,Europe,0,NA,NA,NA
Georgia,2007,Europe,0,NA,NA,NA
Georgia,2008,Europe,0,NA,NA,NA
Georgia,2009,Europe,0,NA,NA,NA
Georgia,2010,Europe,0,0,NA,NA
Georgia,2011,Europe,0,0,NA,NA
Georgia,2012,Europe,0,0,NA,NA
Georgia,2013,Europe,0,0,NA,NA
Georgia,2014,Europe,0,0,NA,NA
Georgia,2015,Europe,1,0,NA,NA
Georgia,2016,Europe,0,0,NA,NA
Ghana,2000,Africa,6108,NA,NA,NA
Ghana,2001,Africa,1717,NA,NA,NA
Ghana,2002,Africa,2376,NA,NA,NA
Ghana,2003,Africa,2103,NA,NA,NA
Ghana,2004,Africa,1575,NA,NA,NA
Ghana,2005,Africa,2037,NA,NA,NA
Ghana,2006,Africa,3125,NA,NA,NA
Ghana,2007,Africa,4622,NA,NA,NA
Ghana,2008,Africa,3889,NA,NA,NA
Ghana,2009,Africa,3378,NA,NA,NA
Ghana,2010,Africa,3859,15241,13200,17300
Ghana,2011,Africa,3259,14954,13000,16900
Ghana,2012,Africa,2855,14403,12600,16200
Ghana,2013,Africa,2506,13686,12100,15300
Ghana,2014,Africa,2200,12625,11300,14000
Ghana,2015,Africa,2137,11749,10600,12900
Ghana,2016,Africa,1264,11223,10300,12200
Ghana,2017,Africa,599,10917,10100,11800
Guatemala,2000,Americas,0,NA,NA,NA
Guatemala,2001,Americas,0,NA,NA,NA
Guatemala,2002,Americas,0,NA,NA,NA
Guatemala,2003,Americas,0,NA,NA,NA
Guatemala,2004,Americas,2,NA,NA,NA
Guatemala,2005,Americas,4,NA,NA,NA
Guatemala,2006,Americas,2,NA,NA,NA
Guatemala,2007,Americas,3,NA,NA,NA
Guatemala,2008,Americas,0,NA,NA,NA
Guatemala,2009,Americas,0,NA,NA,NA
Guatemala,2010,Americas,0,3,1,7
Guatemala,2011,Americas,0,3,1,6
Guatemala,2012,Americas,0,2,1,4
Guatemala,2013,Americas,1,3,1,5
Guatemala,2014,Americas,1,2,1,5
Guatemala,2015,Americas,1,3,1,6
Guatemala,2016,Americas,0,2,0,4
Guatemala,2017,Americas,0,1,0,3
Guinea,2000,Africa,626,NA,NA,NA
Guinea,2001,Africa,517,NA,NA,NA
Guinea,2002,Africa,440,NA,NA,NA
Guinea,2003,Africa,586,NA,NA,NA
Guinea,2004,Africa,528,NA,NA,NA
Guinea,2005,Africa,490,NA,NA,NA
Guinea,2007,Africa,472,NA,NA,NA
Guinea,2008,Africa,441,NA,NA,NA
Guinea,2009,Africa,586,NA,NA,NA
Guinea,2010,Africa,735,12896,10200,15600
Guinea,2011,Africa,743,12479,9870,15100
Guinea,2012,Africa,979,11578,9200,14000
Guinea,2013,Africa,108,10278,8220,12300
Guinea,2014,Africa,1067,9428,7580,11300
Guinea,2015,Africa,846,8542,6900,10200
Guinea,2016,Africa,867,7962,6480,9460
Guinea,2017,Africa,1174,7562,6180,8950
Guinea-Bissau,2001,Africa,635,NA,NA,NA
Guinea-Bissau,2002,Africa,780,NA,NA,NA
Guinea-Bissau,2003,Africa,1137,NA,NA,NA
Guinea-Bissau,2004,Africa,565,NA,NA,NA
Guinea-Bissau,2005,Africa,565,NA,NA,NA
Guinea-Bissau,2006,Africa,507,NA,NA,NA
Guinea-Bissau,2007,Africa,370,NA,NA,NA
Guinea-Bissau,2008,Africa,487,NA,NA,NA
Guinea-Bissau,2009,Africa,369,NA,NA,NA
Guinea-Bissau,2010,Africa,296,664,550,770
Guinea-Bissau,2011,Africa,472,664,560,770
Guinea-Bissau,2012,Africa,370,660,560,760
Guinea-Bissau,2013,Africa,418,657,560,760
Guinea-Bissau,2014,Africa,357,660,560,760
Guinea-Bissau,2015,Africa,477,661,570,760
Guinea-Bissau,2016,Africa,191,684,590,780
Guinea-Bissau,2017,Africa,296,688,590,780
Guyana,2000,Americas,29,NA,NA,NA
Guyana,2001,Americas,30,NA,NA,NA
Guyana,2002,Americas,28,NA,NA,NA
Guyana,2003,Americas,44,NA,NA,NA
Guyana,2004,Americas,38,NA,NA,NA
Guyana,2005,Americas,33,NA,NA,NA
Guyana,2006,Americas,20,NA,NA,NA
Guyana,2007,Americas,20,NA,NA,NA
Guyana,2008,Americas,11,NA,NA,NA
Guyana,2009,Americas,20,NA,NA,NA
Guyana,2010,Americas,24,57,4,100
Guyana,2011,Americas,36,76,4,140
Guyana,2012,Americas,35,77,5,140
Guyana,2013,Americas,14,90,7,180
Guyana,2014,Americas,11,28,3,50
Guyana,2015,Americas,12,22,2,40
Guyana,2016,Americas,13,28,3,50
Guyana,2017,Americas,11,33,3,60
Haiti,2000,Americas,16,NA,NA,NA
Haiti,2001,Americas,70,NA,NA,NA
Haiti,2002,Americas,77,NA,NA,NA
Haiti,2003,Americas,109,NA,NA,NA
Haiti,2004,Americas,24,NA,NA,NA
Haiti,2005,Americas,29,NA,NA,NA
Haiti,2006,Americas,32,NA,NA,NA
Haiti,2007,Americas,28,NA,NA,NA
Haiti,2008,Americas,17,NA,NA,NA
Haiti,2009,Americas,7,NA,NA,NA
Haiti,2010,Americas,8,211,5,480
Haiti,2011,Americas,5,203,5,440
Haiti,2012,Americas,6,149,4,320
Haiti,2013,Americas,10,122,3,270
Haiti,2014,Americas,9,81,2,160
Haiti,2015,Americas,15,79,2,160
Haiti,2016,Americas,13,89,2,180
Haiti,2017,Americas,12,81,2,160
Honduras,2000,Americas,0,NA,NA,NA
Honduras,2001,Americas,0,NA,NA,NA
Honduras,2002,Americas,0,NA,NA,NA
Honduras,2003,Americas,0,NA,NA,NA
Honduras,2004,Americas,0,NA,NA,NA
Honduras,2005,Americas,1,NA,NA,NA
Honduras,2006,Americas,0,NA,NA,NA
Honduras,2007,Americas,2,NA,NA,NA
Honduras,2008,Americas,2,NA,NA,NA
Honduras,2009,Americas,1,NA,NA,NA
Honduras,2010,Americas,3,7,2,10
Honduras,2011,Americas,2,5,1,9
Honduras,2012,Americas,1,4,1,8
Honduras,2013,Americas,1,6,1,10
Honduras,2014,Americas,2,3,0,5
Honduras,2015,Americas,0,4,0,7
Honduras,2016,Americas,0,6,0,10
Honduras,2017,Americas,1,1,0,1
India,2000,South-East Asia,892,NA,NA,NA
India,2001,South-East Asia,1015,NA,NA,NA
India,2002,South-East Asia,973,NA,NA,NA
India,2003,South-East Asia,1006,NA,NA,NA
India,2004,South-East Asia,949,NA,NA,NA
India,2005,South-East Asia,963,NA,NA,NA
India,2006,South-East Asia,1708,NA,NA,NA
India,2007,South-East Asia,1311,NA,NA,NA
India,2008,South-East Asia,1055,NA,NA,NA
India,2009,South-East Asia,1144,NA,NA,NA
India,2010,South-East Asia,1018,30930,2770,58600
India,2011,South-East Asia,754,25990,2360,49100
India,2012,South-East Asia,519,20722,1980,39300
India,2013,South-East Asia,440,17086,1530,32100
India,2014,South-East Asia,562,20647,1410,39800
India,2015,South-East Asia,384,22326,1520,42000
India,2016,South-East Asia,331,22786,1580,45300
India,2017,South-East Asia,194,16733,1200,31900
Indonesia,2000,South-East Asia,833,NA,NA,NA
Indonesia,2004,South-East Asia,508,NA,NA,NA
Indonesia,2005,South-East Asia,88,NA,NA,NA
Indonesia,2006,South-East Asia,494,NA,NA,NA
Indonesia,2008,South-East Asia,669,NA,NA,NA
Indonesia,2009,South-East Asia,900,NA,NA,NA
Indonesia,2010,South-East Asia,432,4364,380,8290
Indonesia,2011,South-East Asia,388,3921,340,7430
Indonesia,2012,South-East Asia,252,3893,340,7440
Indonesia,2013,South-East Asia,385,3236,280,6170
Indonesia,2014,South-East Asia,217,2406,200,4570
Indonesia,2015,South-East Asia,157,2023,170,3840
Indonesia,2016,South-East Asia,161,2239,170,4290
Indonesia,2017,South-East Asia,47,2680,200,5110
Iran (Islamic Republic of),2000,Eastern Mediterranean,4,NA,NA,NA
Iran (Islamic Republic of),2001,Eastern Mediterranean,2,NA,NA,NA
Iran (Islamic Republic of),2002,Eastern Mediterranean,2,NA,NA,NA
Iran (Islamic Republic of),2003,Eastern Mediterranean,5,NA,NA,NA
Iran (Islamic Republic of),2004,Eastern Mediterranean,1,NA,NA,NA
Iran (Islamic Republic of),2005,Eastern Mediterranean,1,NA,NA,NA
Iran (Islamic Republic of),2006,Eastern Mediterranean,1,NA,NA,NA
Iran (Islamic Republic of),2007,Eastern Mediterranean,3,NA,NA,NA
Iran (Islamic Republic of),2008,Eastern Mediterranean,3,NA,NA,NA
Iran (Islamic Republic of),2010,Eastern Mediterranean,0,0,NA,NA
Iran (Islamic Republic of),2011,Eastern Mediterranean,0,0,NA,NA
Iran (Islamic Republic of),2012,Eastern Mediterranean,0,0,NA,NA
Iran (Islamic Republic of),2013,Eastern Mediterranean,0,0,NA,NA
Iran (Islamic Republic of),2014,Eastern Mediterranean,0,0,NA,NA
Iran (Islamic Republic of),2015,Eastern Mediterranean,1,0,NA,NA
Iran (Islamic Republic of),2016,Eastern Mediterranean,0,0,NA,NA
Iran (Islamic Republic of),2017,Eastern Mediterranean,1,0,NA,NA
Iraq,2005,Eastern Mediterranean,0,NA,NA,NA
Iraq,2006,Eastern Mediterranean,0,NA,NA,NA
Iraq,2007,Eastern Mediterranean,0,NA,NA,NA
Iraq,2008,Eastern Mediterranean,0,NA,NA,NA
Iraq,2009,Eastern Mediterranean,0,NA,NA,NA
Iraq,2010,Eastern Mediterranean,0,0,NA,NA
Iraq,2011,Eastern Mediterranean,0,0,NA,NA
Iraq,2012,Eastern Mediterranean,0,0,NA,NA
Iraq,2013,Eastern Mediterranean,0,0,NA,NA
Iraq,2014,Eastern Mediterranean,0,0,NA,NA
Kenya,2000,Africa,48767,NA,NA,NA
Kenya,2001,Africa,48286,NA,NA,NA
Kenya,2002,Africa,47697,NA,NA,NA
Kenya,2003,Africa,51842,NA,NA,NA
Kenya,2004,Africa,25403,NA,NA,NA
Kenya,2005,Africa,44328,NA,NA,NA
Kenya,2006,Africa,40079,NA,NA,NA
Kenya,2010,Africa,26017,11375,10000,12700
Kenya,2011,Africa,713,11834,10400,13200
Kenya,2012,Africa,785,11990,10600,13400
Kenya,2013,Africa,360,12111,10700,13500
Kenya,2014,Africa,472,12242,10900,13600
Kenya,2015,Africa,15061,12331,11000,13600
Kenya,2016,Africa,603,12419,11100,13700
Kyrgyzstan,2000,Europe,0,NA,NA,NA
Kyrgyzstan,2001,Europe,0,NA,NA,NA
Kyrgyzstan,2002,Europe,0,NA,NA,NA
Kyrgyzstan,2003,Europe,0,NA,NA,NA
Kyrgyzstan,2004,Europe,0,NA,NA,NA
Kyrgyzstan,2005,Europe,0,NA,NA,NA
Kyrgyzstan,2006,Europe,0,NA,NA,NA
Kyrgyzstan,2007,Europe,0,NA,NA,NA
Kyrgyzstan,2008,Europe,0,NA,NA,NA
Kyrgyzstan,2009,Europe,0,NA,NA,NA
Kyrgyzstan,2010,Europe,0,0,NA,NA
Kyrgyzstan,2011,Europe,1,0,NA,NA
Kyrgyzstan,2012,Europe,0,0,NA,NA
Kyrgyzstan,2013,Europe,0,0,NA,NA
Kyrgyzstan,2014,Europe,0,0,NA,NA
Kyrgyzstan,2015,Europe,0,0,NA,NA
Kyrgyzstan,2016,Europe,0,0,NA,NA
Lao People's Democratic Republic,2000,Western Pacific,350,NA,NA,NA
Lao People's Democratic Republic,2001,Western Pacific,242,NA,NA,NA
Lao People's Democratic Republic,2002,Western Pacific,195,NA,NA,NA
Lao People's Democratic Republic,2003,Western Pacific,187,NA,NA,NA
Lao People's Democratic Republic,2004,Western Pacific,105,NA,NA,NA
Lao People's Democratic Republic,2005,Western Pacific,77,NA,NA,NA
Lao People's Democratic Republic,2006,Western Pacific,21,NA,NA,NA
Lao People's Democratic Republic,2007,Western Pacific,14,NA,NA,NA
Lao People's Democratic Republic,2008,Western Pacific,11,NA,NA,NA
Lao People's Democratic Republic,2009,Western Pacific,5,NA,NA,NA
Lao People's Democratic Republic,2010,Western Pacific,24,101,3,190
Lao People's Democratic Republic,2011,Western Pacific,17,87,3,160
Lao People's Democratic Republic,2012,Western Pacific,44,215,10,420
Lao People's Democratic Republic,2013,Western Pacific,28,148,10,280
Lao People's Democratic Republic,2014,Western Pacific,4,160,10,300
Lao People's Democratic Republic,2015,Western Pacific,2,103,10,190
Lao People's Democratic Republic,2016,Western Pacific,1,34,4,60
Lao People's Democratic Republic,2017,Western Pacific,2,30,2,60
Liberia,2005,Africa,41,NA,NA,NA
Liberia,2006,Africa,877,NA,NA,NA
Liberia,2007,Africa,310,NA,NA,NA
Liberia,2008,Africa,345,NA,NA,NA
Liberia,2009,Africa,1706,NA,NA,NA
Liberia,2010,Africa,1422,2764,2280,3250
Liberia,2012,Africa,1725,2354,1980,2730
Liberia,2013,Africa,1191,2208,1870,2540
Liberia,2014,Africa,2288,2176,1850,2500
Liberia,2015,Africa,1379,2158,1840,2470
Liberia,2016,Africa,1259,2213,1890,2530
Liberia,2017,Africa,758,2227,1910,2540
Madagascar,2000,Africa,591,NA,NA,NA
Madagascar,2001,Africa,742,NA,NA,NA
Madagascar,2002,Africa,575,NA,NA,NA
Madagascar,2003,Africa,817,NA,NA,NA
Madagascar,2004,Africa,715,NA,NA,NA
Madagascar,2005,Africa,699,NA,NA,NA
Madagascar,2006,Africa,441,NA,NA,NA
Madagascar,2007,Africa,428,NA,NA,NA
Madagascar,2008,Africa,355,NA,NA,NA
Madagascar,2009,Africa,348,NA,NA,NA
Madagascar,2010,Africa,427,2399,70,5360
Madagascar,2011,Africa,398,2155,60,4520
Madagascar,2012,Africa,552,4670,130,10400
Madagascar,2013,Africa,641,4642,140,10000
Madagascar,2014,Africa,551,3338,100,6560
Madagascar,2015,Africa,841,7270,230,14000
Madagascar,2016,Africa,443,4331,140,8280
Madagascar,2017,Africa,370,5950,190,11200
Malawi,2001,Africa,3355,NA,NA,NA
Malawi,2002,Africa,5775,NA,NA,NA
Malawi,2003,Africa,4767,NA,NA,NA
Malawi,2004,Africa,3457,NA,NA,NA
Malawi,2005,Africa,5070,NA,NA,NA
Malawi,2006,Africa,6464,NA,NA,NA
Malawi,2007,Africa,7486,NA,NA,NA
Malawi,2008,Africa,8048,NA,NA,NA
Malawi,2009,Africa,8915,NA,NA,NA
Malawi,2010,Africa,8206,9506,7800,11200
Malawi,2011,Africa,6674,9085,7480,10700
Malawi,2012,Africa,5516,8819,7290,10400
Malawi,2013,Africa,3723,8161,6790,9530
Malawi,2014,Africa,4490,7737,6490,8990
Malawi,2015,Africa,3799,7384,6240,8530
Malawi,2016,Africa,4000,7177,6110,8250
Malawi,2017,Africa,3613,7077,6060,8090
Malaysia,2000,Western Pacific,35,NA,NA,NA
Malaysia,2001,Western Pacific,46,NA,NA,NA
Malaysia,2002,Western Pacific,38,NA,NA,NA
Malaysia,2003,Western Pacific,21,NA,NA,NA
Malaysia,2004,Western Pacific,35,NA,NA,NA
Malaysia,2005,Western Pacific,33,NA,NA,NA
Malaysia,2006,Western Pacific,21,NA,NA,NA
Malaysia,2007,Western Pacific,15,NA,NA,NA
Malaysia,2008,Western Pacific,20,NA,NA,NA
Malaysia,2009,Western Pacific,23,NA,NA,NA
Malaysia,2010,Western Pacific,13,13,NA,NA
Malaysia,2011,Western Pacific,12,12,NA,NA
Malaysia,2012,Western Pacific,12,12,NA,NA
Malaysia,2013,Western Pacific,10,10,NA,NA
Malaysia,2014,Western Pacific,4,4,NA,NA
Malaysia,2015,Western Pacific,4,4,NA,NA
Malaysia,2016,Western Pacific,2,2,NA,NA
Malaysia,2017,Western Pacific,12,10,NA,NA
Mali,2000,Africa,748,NA,NA,NA
Mali,2001,Africa,562,NA,NA,NA
Mali,2002,Africa,826,NA,NA,NA
Mali,2003,Africa,1309,NA,NA,NA
Mali,2004,Africa,1012,NA,NA,NA
Mali,2005,Africa,1285,NA,NA,NA
Mali,2006,Africa,1914,NA,NA,NA
Mali,2007,Africa,1782,NA,NA,NA
Mali,2008,Africa,1227,NA,NA,NA
Mali,2009,Africa,2331,NA,NA,NA
Mali,2010,Africa,3006,17725,13900,21600
Mali,2011,Africa,2128,19409,15200,23600
Mali,2012,Africa,1894,19798,15500,24100
Mali,2013,Africa,1680,19765,15500,24100
Mali,2014,Africa,2309,18224,14300,22100
Mali,2015,Africa,1544,16151,12700,19600
Mali,2016,Africa,1344,13974,11100,16900
Mali,2017,Africa,1050,12425,9870,15000
Mauritania,2006,Africa,67,NA,NA,NA
Mauritania,2007,Africa,142,NA,NA,NA
Mauritania,2009,Africa,91,NA,NA,NA
Mauritania,2010,Africa,60,1226,1040,1410
Mauritania,2011,Africa,66,1250,1060,1440
Mauritania,2012,Africa,106,1274,1090,1460
Mauritania,2013,Africa,46,1296,1110,1480
Mauritania,2014,Africa,19,1355,1160,1550
Mauritania,2015,Africa,39,1383,1190,1570
Mauritania,2016,Africa,315,1402,1210,1590
Mauritania,2017,Africa,67,1421,1230,1610
Morocco,2005,Eastern Mediterranean,1,NA,NA,NA
Morocco,2006,Eastern Mediterranean,2,NA,NA,NA
Morocco,2007,Eastern Mediterranean,2,NA,NA,NA
Morocco,2008,Eastern Mediterranean,1,NA,NA,NA
Morocco,2009,Eastern Mediterranean,1,NA,NA,NA
Morocco,2010,Eastern Mediterranean,2,2,NA,NA
Morocco,2013,Eastern Mediterranean,0,0,NA,NA
Mozambique,2007,Africa,5816,NA,NA,NA
Mozambique,2008,Africa,4424,NA,NA,NA
Mozambique,2009,Africa,3747,NA,NA,NA
Mozambique,2010,Africa,3354,17542,14200,20900
Mozambique,2011,Africa,3086,17478,14100,20800
Mozambique,2012,Africa,2818,17343,14100,20600
Mozambique,2013,Africa,2941,17334,14100,20600
Mozambique,2014,Africa,3245,16804,13700,19900
Mozambique,2015,Africa,2467,15985,13100,18900
Mozambique,2016,Africa,1685,15269,12600,17900
Mozambique,2017,Africa,1114,14713,12200,17200
Myanmar,2000,South-East Asia,2556,NA,NA,NA
Myanmar,2001,South-East Asia,2814,NA,NA,NA
Myanmar,2002,South-East Asia,2634,NA,NA,NA
Myanmar,2003,South-East Asia,2476,NA,NA,NA
Myanmar,2004,South-East Asia,1982,NA,NA,NA
Myanmar,2005,South-East Asia,1707,NA,NA,NA
Myanmar,2006,South-East Asia,1647,NA,NA,NA
Myanmar,2007,South-East Asia,1261,NA,NA,NA
Myanmar,2008,South-East Asia,1087,NA,NA,NA
Myanmar,2009,South-East Asia,972,NA,NA,NA
Myanmar,2010,South-East Asia,788,3885,240,8270
Myanmar,2011,South-East Asia,581,2471,160,4650
Myanmar,2012,South-East Asia,403,3690,230,7560
Myanmar,2013,South-East Asia,236,1356,90,2690
Myanmar,2014,South-East Asia,92,913,60,1830
Myanmar,2015,South-East Asia,37,754,60,1370
Myanmar,2016,South-East Asia,21,444,30,800
Myanmar,2017,South-East Asia,30,218,10,390
Mexico,2000,Americas,0,NA,NA,NA
Mexico,2001,Americas,0,NA,NA,NA
Mexico,2002,Americas,0,NA,NA,NA
Mexico,2003,Americas,0,NA,NA,NA
Mexico,2004,Americas,0,NA,NA,NA
Mexico,2005,Americas,0,NA,NA,NA
Mexico,2006,Americas,0,NA,NA,NA
Mexico,2007,Americas,0,NA,NA,NA
Mexico,2008,Americas,0,NA,NA,NA
Mexico,2009,Americas,0,NA,NA,NA
Mexico,2010,Americas,0,0,NA,NA
Mexico,2011,Americas,0,0,NA,NA
Mexico,2012,Americas,0,0,NA,NA
Mexico,2013,Americas,0,0,NA,NA
Mexico,2014,Americas,0,0,NA,NA
Mexico,2015,Americas,0,0,NA,NA
Mexico,2016,Americas,1,0,NA,NA
Mexico,2017,Americas,0,0,NA,NA
Namibia,2001,Africa,1728,NA,NA,NA
Namibia,2002,Africa,1504,NA,NA,NA
Namibia,2003,Africa,1106,NA,NA,NA
Namibia,2004,Africa,1185,NA,NA,NA
Namibia,2005,Africa,1325,NA,NA,NA
Namibia,2006,Africa,571,NA,NA,NA
Namibia,2007,Africa,181,NA,NA,NA
Namibia,2008,Africa,152,NA,NA,NA
Namibia,2009,Africa,68,NA,NA,NA
Namibia,2010,Africa,63,6,0,20
Namibia,2011,Africa,36,9,0,20
Namibia,2012,Africa,4,15,0,40
Namibia,2013,Africa,21,20,0,40
Namibia,2014,Africa,61,67,2,120
Namibia,2015,Africa,45,51,1,90
Namibia,2016,Africa,65,106,3,190
Namibia,2017,Africa,104,229,7,420
Nepal,2001,South-East Asia,1,NA,NA,NA
Nepal,2002,South-East Asia,3,NA,NA,NA
Nepal,2003,South-East Asia,5,NA,NA,NA
Nepal,2004,South-East Asia,7,NA,NA,NA
Nepal,2005,South-East Asia,10,NA,NA,NA
Nepal,2006,South-East Asia,42,NA,NA,NA
Nepal,2007,South-East Asia,3,NA,NA,NA
Nepal,2009,South-East Asia,8,NA,NA,NA
Nepal,2010,South-East Asia,6,27,4,70
Nepal,2011,South-East Asia,2,10,3,20
Nepal,2012,South-East Asia,0,6,2,20
Nepal,2013,South-East Asia,0,7,1,20
Nepal,2014,South-East Asia,0,3,0,8
Nepal,2015,South-East Asia,0,2,0,7
Nepal,2016,South-East Asia,3,1,0,4
Nepal,2017,South-East Asia,3,1,0,3
Nicaragua,2000,Americas,4,NA,NA,NA
Nicaragua,2001,Americas,2,NA,NA,NA
Nicaragua,2002,Americas,8,NA,NA,NA
Nicaragua,2003,Americas,7,NA,NA,NA
Nicaragua,2004,Americas,1,NA,NA,NA
Nicaragua,2005,Americas,6,NA,NA,NA
Nicaragua,2006,Americas,1,NA,NA,NA
Nicaragua,2007,Americas,0,NA,NA,NA
Nicaragua,2008,Americas,0,NA,NA,NA
Nicaragua,2009,Americas,0,NA,NA,NA
Nicaragua,2010,Americas,1,0,0,1
Nicaragua,2011,Americas,1,0,0,1
Nicaragua,2012,Americas,2,1,0,2
Nicaragua,2013,Americas,0,1,0,1
Nicaragua,2014,Americas,0,0,0,1
Nicaragua,2015,Americas,1,2,0,3
Nicaragua,2016,Americas,2,6,1,10
Niger,2000,Africa,1244,NA,NA,NA
Niger,2001,Africa,2366,NA,NA,NA
Niger,2002,Africa,2769,NA,NA,NA
Niger,2003,Africa,2248,NA,NA,NA
Niger,2004,Africa,1333,NA,NA,NA
Niger,2005,Africa,2060,NA,NA,NA
Niger,2006,Africa,1150,NA,NA,NA
Niger,2007,Africa,1358,NA,NA,NA
Niger,2008,Africa,2461,NA,NA,NA
Niger,2009,Africa,2159,NA,NA,NA
Niger,2010,Africa,3929,21750,16400,27200
Niger,2011,Africa,2802,22258,16800,27800
Niger,2012,Africa,2825,22040,16600,27400
Niger,2013,Africa,2209,21180,16000,26400
Niger,2014,Africa,2691,20025,15100,24900
Niger,2015,Africa,2778,18769,14200,23300
Niger,2016,Africa,2226,18226,13800,22700
Niger,2017,Africa,2316,17155,13000,21300
Nigeria,2001,Africa,4317,NA,NA,NA
Nigeria,2002,Africa,4092,NA,NA,NA
Nigeria,2003,Africa,5343,NA,NA,NA
Nigeria,2004,Africa,6032,NA,NA,NA
Nigeria,2005,Africa,6494,NA,NA,NA
Nigeria,2006,Africa,6586,NA,NA,NA
Nigeria,2007,Africa,10289,NA,NA,NA
Nigeria,2008,Africa,8677,NA,NA,NA
Nigeria,2009,Africa,7522,NA,NA,NA
Nigeria,2010,Africa,4238,146734,115000,179000
Nigeria,2011,Africa,3353,136533,107000,166000
Nigeria,2012,Africa,7734,125290,98100,152000
Nigeria,2013,Africa,7878,116472,91200,142000
Nigeria,2014,Africa,6082,107843,84600,131000
Oman,2005,Eastern Mediterranean,0,NA,NA,NA
Oman,2006,Eastern Mediterranean,0,NA,NA,NA
Oman,2007,Eastern Mediterranean,0,NA,NA,NA
Oman,2008,Eastern Mediterranean,2,NA,NA,NA
Oman,2009,Eastern Mediterranean,2,NA,NA,NA
Oman,2010,Eastern Mediterranean,0,0,NA,NA
Oman,2011,Eastern Mediterranean,0,0,NA,NA
Oman,2012,Eastern Mediterranean,0,0,NA,NA
Oman,2013,Eastern Mediterranean,0,0,NA,NA
Oman,2014,Eastern Mediterranean,0,0,NA,NA
Pakistan,2005,Eastern Mediterranean,52,NA,NA,NA
Pakistan,2006,Eastern Mediterranean,9,NA,NA,NA
Pakistan,2007,Eastern Mediterranean,24,NA,NA,NA
Pakistan,2011,Eastern Mediterranean,4,1814,280,4330
Pakistan,2012,Eastern Mediterranean,260,1704,230,4250
Pakistan,2013,Eastern Mediterranean,244,1047,220,2390
Pakistan,2014,Eastern Mediterranean,56,981,220,2300
Pakistan,2015,Eastern Mediterranean,34,781,150,1940
Pakistan,2016,Eastern Mediterranean,33,1013,200,2030
Pakistan,2017,Eastern Mediterranean,113,805,160,1480
Panama,2000,Americas,1,NA,NA,NA
Panama,2001,Americas,1,NA,NA,NA
Panama,2002,Americas,2,NA,NA,NA
Panama,2003,Americas,4,NA,NA,NA
Panama,2004,Americas,2,NA,NA,NA
Panama,2005,Americas,1,NA,NA,NA
Panama,2006,Americas,1,NA,NA,NA
Panama,2007,Americas,1,NA,NA,NA
Panama,2008,Americas,1,NA,NA,NA
Panama,2009,Americas,0,NA,NA,NA
Panama,2010,Americas,1,1,NA,NA
Panama,2011,Americas,0,0,NA,NA
Panama,2012,Americas,1,1,NA,NA
Panama,2013,Americas,0,0,NA,NA
Panama,2014,Americas,0,0,NA,NA
Panama,2015,Americas,0,0,NA,NA
Panama,2016,Americas,0,0,NA,NA
Panama,2017,Americas,0,0,NA,NA
Papua New Guinea,2000,Western Pacific,617,NA,NA,NA
Papua New Guinea,2001,Western Pacific,562,NA,NA,NA
Papua New Guinea,2002,Western Pacific,647,NA,NA,NA
Papua New Guinea,2003,Western Pacific,537,NA,NA,NA
Papua New Guinea,2004,Western Pacific,619,NA,NA,NA
Papua New Guinea,2005,Western Pacific,725,NA,NA,NA
Papua New Guinea,2006,Western Pacific,668,NA,NA,NA
Papua New Guinea,2007,Western Pacific,559,NA,NA,NA
Papua New Guinea,2008,Western Pacific,628,NA,NA,NA
Papua New Guinea,2009,Western Pacific,604,NA,NA,NA
Papua New Guinea,2010,Western Pacific,616,2634,100,6250
Papua New Guinea,2011,Western Pacific,523,2344,80,5580
Papua New Guinea,2012,Western Pacific,381,3048,110,8100
Papua New Guinea,2013,Western Pacific,307,4044,150,8350
Papua New Guinea,2014,Western Pacific,203,3728,220,7860
Papua New Guinea,2015,Western Pacific,163,2228,110,4450
Papua New Guinea,2016,Western Pacific,306,3109,160,6100
Papua New Guinea,2017,Western Pacific,273,3053,170,6120
Paraguay,2000,Americas,0,NA,NA,NA
Paraguay,2001,Americas,0,NA,NA,NA
Paraguay,2002,Americas,0,NA,NA,NA
Paraguay,2003,Americas,0,NA,NA,NA
Paraguay,2004,Americas,0,NA,NA,NA
Paraguay,2005,Americas,0,NA,NA,NA
Paraguay,2006,Americas,0,NA,NA,NA
Paraguay,2007,Americas,0,NA,NA,NA
Paraguay,2008,Americas,0,NA,NA,NA
Paraguay,2009,Americas,0,NA,NA,NA
Paraguay,2010,Americas,0,0,NA,NA
Paraguay,2011,Americas,0,0,NA,NA
Paraguay,2012,Americas,0,0,NA,NA
Paraguay,2013,Americas,0,0,NA,NA
Paraguay,2014,Americas,0,0,NA,NA
Paraguay,2015,Americas,0,0,NA,NA
Paraguay,2016,Americas,1,0,NA,NA
Paraguay,2017,Americas,0,0,NA,NA
Peru,2000,Americas,20,NA,NA,NA
Peru,2001,Americas,25,NA,NA,NA
Peru,2002,Americas,12,NA,NA,NA
Peru,2003,Americas,9,NA,NA,NA
Peru,2004,Americas,6,NA,NA,NA
Peru,2005,Americas,4,NA,NA,NA
Peru,2006,Americas,6,NA,NA,NA
Peru,2007,Americas,2,NA,NA,NA
Peru,2008,Americas,2,NA,NA,NA
Peru,2009,Americas,2,NA,NA,NA
Peru,2010,Americas,0,0,NA,NA
Peru,2011,Americas,1,1,NA,NA
Peru,2012,Americas,7,7,NA,NA
Peru,2013,Americas,4,4,NA,NA
Peru,2014,Americas,4,4,NA,NA
Peru,2015,Americas,5,5,NA,NA
Peru,2016,Americas,7,7,NA,NA
Peru,2017,Americas,10,10,NA,NA
Philippines,2000,Western Pacific,536,NA,NA,NA
Philippines,2001,Western Pacific,439,NA,NA,NA
Philippines,2002,Western Pacific,71,NA,NA,NA
Philippines,2003,Western Pacific,162,NA,NA,NA
Philippines,2004,Western Pacific,167,NA,NA,NA
Philippines,2005,Western Pacific,145,NA,NA,NA
Philippines,2006,Western Pacific,124,NA,NA,NA
Philippines,2007,Western Pacific,73,NA,NA,NA
Philippines,2008,Western Pacific,56,NA,NA,NA
Philippines,2009,Western Pacific,24,NA,NA,NA
Philippines,2010,Western Pacific,30,114,5,220
Philippines,2011,Western Pacific,12,48,2,90
Philippines,2012,Western Pacific,16,36,2,70
Philippines,2013,Western Pacific,12,36,1,70
Philippines,2014,Western Pacific,10,30,1,60
Philippines,2015,Western Pacific,20,59,2,120
Philippines,2016,Western Pacific,7,36,1,70
Philippines,2017,Western Pacific,4,34,1,60
Republic of Korea,2000,Western Pacific,0,NA,NA,NA
Republic of Korea,2001,Western Pacific,0,NA,NA,NA
Republic of Korea,2002,Western Pacific,0,NA,NA,NA
Republic of Korea,2003,Western Pacific,0,NA,NA,NA
Republic of Korea,2004,Western Pacific,0,NA,NA,NA
Republic of Korea,2005,Western Pacific,0,NA,NA,NA
Republic of Korea,2006,Western Pacific,0,NA,NA,NA
Republic of Korea,2007,Western Pacific,1,NA,NA,NA
Republic of Korea,2008,Western Pacific,0,NA,NA,NA
Republic of Korea,2009,Western Pacific,1,NA,NA,NA
Republic of Korea,2010,Western Pacific,1,1,NA,NA
Republic of Korea,2011,Western Pacific,2,2,NA,NA
Republic of Korea,2012,Western Pacific,0,0,NA,NA
Republic of Korea,2013,Western Pacific,0,0,NA,NA
Republic of Korea,2014,Western Pacific,0,0,NA,NA
Republic of Korea,2015,Western Pacific,0,0,NA,NA
Republic of Korea,2016,Western Pacific,1,0,NA,NA
Republic of Korea,2017,Western Pacific,3,0,NA,NA
Rwanda,2001,Africa,4275,NA,NA,NA
Rwanda,2002,Africa,3167,NA,NA,NA
Rwanda,2003,Africa,2679,NA,NA,NA
Rwanda,2004,Africa,2362,NA,NA,NA
Rwanda,2005,Africa,2581,NA,NA,NA
Rwanda,2006,Africa,2486,NA,NA,NA
Rwanda,2007,Africa,1772,NA,NA,NA
Rwanda,2008,Africa,566,NA,NA,NA
Rwanda,2009,Africa,809,NA,NA,NA
Rwanda,2010,Africa,670,3253,2820,3690
Rwanda,2011,Africa,380,3218,2820,3620
Rwanda,2012,Africa,459,3209,2840,3580
Rwanda,2013,Africa,409,3200,2850,3550
Rwanda,2014,Africa,496,3202,2880,3530
Rwanda,2015,Africa,516,3218,2910,3530
Rwanda,2016,Africa,715,3242,2950,3530
Rwanda,2017,Africa,376,3270,2990,3550
Sao Tome and Principe,2000,Africa,254,NA,NA,NA
Sao Tome and Principe,2001,Africa,248,NA,NA,NA
Sao Tome and Principe,2002,Africa,321,NA,NA,NA
Sao Tome and Principe,2003,Africa,193,NA,NA,NA
Sao Tome and Principe,2004,Africa,169,NA,NA,NA
Sao Tome and Principe,2005,Africa,85,NA,NA,NA
Sao Tome and Principe,2006,Africa,26,NA,NA,NA
Sao Tome and Principe,2007,Africa,3,NA,NA,NA
Sao Tome and Principe,2008,Africa,16,NA,NA,NA
Sao Tome and Principe,2009,Africa,23,NA,NA,NA
Sao Tome and Principe,2010,Africa,14,14,NA,NA
Sao Tome and Principe,2011,Africa,19,19,NA,NA
Sao Tome and Principe,2012,Africa,7,7,NA,NA
Sao Tome and Principe,2013,Africa,11,11,NA,NA
Sao Tome and Principe,2014,Africa,0,0,NA,NA
Sao Tome and Principe,2015,Africa,0,0,NA,NA
Sao Tome and Principe,2016,Africa,0,0,NA,NA
Sao Tome and Principe,2017,Africa,1,0,NA,NA
Saudi Arabia,2001,Eastern Mediterranean,0,NA,NA,NA
Saudi Arabia,2002,Eastern Mediterranean,0,NA,NA,NA
Saudi Arabia,2003,Eastern Mediterranean,0,NA,NA,NA
Saudi Arabia,2004,Eastern Mediterranean,0,NA,NA,NA
Saudi Arabia,2005,Eastern Mediterranean,0,NA,NA,NA
Saudi Arabia,2006,Eastern Mediterranean,0,NA,NA,NA
Saudi Arabia,2007,Eastern Mediterranean,0,NA,NA,NA
Saudi Arabia,2008,Eastern Mediterranean,0,NA,NA,NA
Saudi Arabia,2009,Eastern Mediterranean,0,NA,NA,NA
Saudi Arabia,2010,Eastern Mediterranean,0,0,NA,NA
Saudi Arabia,2011,Eastern Mediterranean,0,0,NA,NA
Saudi Arabia,2012,Eastern Mediterranean,0,0,NA,NA
Saudi Arabia,2013,Eastern Mediterranean,0,0,NA,NA
Saudi Arabia,2014,Eastern Mediterranean,0,0,NA,NA
Saudi Arabia,2015,Eastern Mediterranean,0,0,NA,NA
Saudi Arabia,2016,Eastern Mediterranean,0,0,NA,NA
Saudi Arabia,2017,Eastern Mediterranean,0,0,NA,NA
Senegal,2000,Africa,1275,NA,NA,NA
Senegal,2001,Africa,1515,NA,NA,NA
Senegal,2002,Africa,1226,NA,NA,NA
Senegal,2003,Africa,1602,NA,NA,NA
Senegal,2004,Africa,1524,NA,NA,NA
Senegal,2005,Africa,1587,NA,NA,NA
Senegal,2006,Africa,1678,NA,NA,NA
Senegal,2007,Africa,1935,NA,NA,NA
Senegal,2008,Africa,741,NA,NA,NA
Senegal,2009,Africa,574,NA,NA,NA
Senegal,2010,Africa,553,4284,3710,4860
Senegal,2011,Africa,472,4271,3720,4820
Senegal,2012,Africa,649,4256,3740,4770
Senegal,2013,Africa,815,4252,3760,4740
Senegal,2014,Africa,500,4364,3870,4860
Senegal,2015,Africa,526,4424,3940,4910
Senegal,2016,Africa,325,4475,4000,4950
Senegal,2017,Africa,284,4523,4060,4980
Sierra Leone,2001,Africa,328,NA,NA,NA
Sierra Leone,2002,Africa,461,NA,NA,NA
Sierra Leone,2003,Africa,157,NA,NA,NA
Sierra Leone,2004,Africa,126,NA,NA,NA
Sierra Leone,2005,Africa,50,NA,NA,NA
Sierra Leone,2006,Africa,90,NA,NA,NA
Sierra Leone,2007,Africa,324,NA,NA,NA
Sierra Leone,2008,Africa,871,NA,NA,NA
Sierra Leone,2009,Africa,1734,NA,NA,NA
Sierra Leone,2010,Africa,8188,23575,20400,26800
Sierra Leone,2011,Africa,3573,22419,19500,25300
Sierra Leone,2012,Africa,3611,20678,18200,23100
Sierra Leone,2013,Africa,4326,19129,17100,21200
Sierra Leone,2014,Africa,2848,18143,16400,19900
Sierra Leone,2015,Africa,1107,17700,16100,19300
Sierra Leone,2016,Africa,1345,17550,16100,19000
Sierra Leone,2017,Africa,1298,17590,16200,19000
Solomon Islands,2000,Western Pacific,38,NA,NA,NA
Solomon Islands,2001,Western Pacific,55,NA,NA,NA
Solomon Islands,2002,Western Pacific,61,NA,NA,NA
Solomon Islands,2003,Western Pacific,71,NA,NA,NA
Solomon Islands,2004,Western Pacific,51,NA,NA,NA
Solomon Islands,2005,Western Pacific,38,NA,NA,NA
Solomon Islands,2006,Western Pacific,12,NA,NA,NA
Solomon Islands,2007,Western Pacific,15,NA,NA,NA
Solomon Islands,2008,Western Pacific,21,NA,NA,NA
Solomon Islands,2009,Western Pacific,53,NA,NA,NA
Solomon Islands,2010,Western Pacific,34,163,10,330
Solomon Islands,2011,Western Pacific,19,109,8,230
Solomon Islands,2012,Western Pacific,18,89,6,180
Solomon Islands,2013,Western Pacific,18,83,7,160
Solomon Islands,2014,Western Pacific,23,49,4,90
Solomon Islands,2015,Western Pacific,13,58,5,100
Solomon Islands,2016,Western Pacific,20,103,10,180
Solomon Islands,2017,Western Pacific,27,134,20,260
Somalia,2002,Eastern Mediterranean,8,NA,NA,NA
Somalia,2003,Eastern Mediterranean,54,NA,NA,NA
Somalia,2004,Eastern Mediterranean,79,NA,NA,NA
Somalia,2005,Eastern Mediterranean,15,NA,NA,NA
Somalia,2006,Eastern Mediterranean,58,NA,NA,NA
Somalia,2007,Eastern Mediterranean,45,NA,NA,NA
Somalia,2008,Eastern Mediterranean,49,NA,NA,NA
Somalia,2009,Eastern Mediterranean,45,NA,NA,NA
Somalia,2010,Eastern Mediterranean,6,912,20,1990
Somalia,2011,Eastern Mediterranean,5,771,20,1680
Somalia,2012,Eastern Mediterranean,10,795,20,1730
Somalia,2013,Eastern Mediterranean,23,937,20,2080
Somalia,2014,Eastern Mediterranean,14,1103,30,2440
Somalia,2015,Eastern Mediterranean,27,1316,40,2940
Somalia,2016,Eastern Mediterranean,13,1353,40,3010
Somalia,2017,Eastern Mediterranean,20,1386,40,3100
South Africa,2000,Africa,424,NA,NA,NA
South Africa,2001,Africa,81,NA,NA,NA
South Africa,2002,Africa,96,NA,NA,NA
South Africa,2003,Africa,142,NA,NA,NA
South Africa,2004,Africa,88,NA,NA,NA
South Africa,2005,Africa,63,NA,NA,NA
South Africa,2006,Africa,87,NA,NA,NA
South Africa,2007,Africa,37,NA,NA,NA
South Africa,2008,Africa,43,NA,NA,NA
South Africa,2009,Africa,45,NA,NA,NA
South Africa,2010,Africa,83,83,NA,NA
South Africa,2011,Africa,54,54,NA,NA
South Africa,2012,Africa,72,72,NA,NA
South Africa,2013,Africa,105,105,NA,NA
South Africa,2014,Africa,174,174,NA,NA
South Africa,2015,Africa,110,110,NA,NA
South Africa,2016,Africa,34,34,NA,NA
South Africa,2017,Africa,301,274,NA,NA
South Sudan,2008,Eastern Mediterranean,263,NA,NA,NA
South Sudan,2009,Eastern Mediterranean,254,NA,NA,NA
South Sudan,2010,Eastern Mediterranean,1053,NA,NA,NA
South Sudan,2011,Eastern Mediterranean,406,NA,NA,NA
South Sudan,2012,Eastern Mediterranean,1321,NA,NA,NA
South Sudan,2013,Eastern Mediterranean,1311,NA,NA,NA
South Sudan,2017,Eastern Mediterranean,3483,NA,NA,NA
Sri Lanka,2000,South-East Asia,77,NA,NA,NA
Sri Lanka,2001,South-East Asia,52,NA,NA,NA
Sri Lanka,2002,South-East Asia,30,NA,NA,NA
Sri Lanka,2003,South-East Asia,4,NA,NA,NA
Sri Lanka,2004,South-East Asia,1,NA,NA,NA
Sri Lanka,2005,South-East Asia,0,NA,NA,NA
Sri Lanka,2006,South-East Asia,1,NA,NA,NA
Sri Lanka,2007,South-East Asia,1,NA,NA,NA
Sri Lanka,2008,South-East Asia,0,NA,NA,NA
Sri Lanka,2009,South-East Asia,0,NA,NA,NA
Sri Lanka,2010,South-East Asia,0,0,NA,NA
Sri Lanka,2011,South-East Asia,0,0,NA,NA
Sri Lanka,2012,South-East Asia,0,0,NA,NA
Sri Lanka,2013,South-East Asia,0,0,NA,NA
Sri Lanka,2014,South-East Asia,0,0,NA,NA
Sri Lanka,2015,South-East Asia,0,0,NA,NA
Sri Lanka,2016,South-East Asia,0,0,NA,NA
Sri Lanka,2017,South-East Asia,0,0,NA,NA
Sudan,2000,Eastern Mediterranean,2162,NA,NA,NA
Sudan,2001,Eastern Mediterranean,2252,NA,NA,NA
Sudan,2002,Eastern Mediterranean,2125,NA,NA,NA
Sudan,2003,Eastern Mediterranean,2479,NA,NA,NA
Sudan,2004,Eastern Mediterranean,1814,NA,NA,NA
Sudan,2005,Eastern Mediterranean,1789,NA,NA,NA
Sudan,2006,Eastern Mediterranean,1193,NA,NA,NA
Sudan,2007,Eastern Mediterranean,1254,NA,NA,NA
Sudan,2008,Eastern Mediterranean,1125,NA,NA,NA
Sudan,2009,Eastern Mediterranean,1142,NA,NA,NA
Sudan,2010,Eastern Mediterranean,1023,2462,70,5520
Sudan,2011,Eastern Mediterranean,612,2435,70,5500
Sudan,2012,Eastern Mediterranean,618,2543,70,5690
Sudan,2013,Eastern Mediterranean,685,2854,80,6440
Sudan,2014,Eastern Mediterranean,823,3312,90,7640
Sudan,2015,Eastern Mediterranean,868,3780,100,8730
Sudan,2016,Eastern Mediterranean,984,3800,100,8720
Sudan,2017,Eastern Mediterranean,1446,3885,110,8940
Suriname,2000,Americas,24,NA,NA,NA
Suriname,2001,Americas,23,NA,NA,NA
Suriname,2002,Americas,15,NA,NA,NA
Suriname,2003,Americas,18,NA,NA,NA
Suriname,2004,Americas,7,NA,NA,NA
Suriname,2005,Americas,1,NA,NA,NA
Suriname,2006,Americas,1,NA,NA,NA
Suriname,2007,Americas,1,NA,NA,NA
Suriname,2008,Americas,0,NA,NA,NA
Suriname,2009,Americas,0,NA,NA,NA
Suriname,2010,Americas,1,1,NA,NA
Suriname,2011,Americas,1,1,NA,NA
Suriname,2012,Americas,0,0,NA,NA
Suriname,2013,Americas,1,1,NA,NA
Suriname,2014,Americas,1,1,NA,NA
Suriname,2015,Americas,0,0,NA,NA
Suriname,2016,Americas,0,0,NA,NA
Suriname,2017,Americas,1,0,NA,NA
Syrian Arab Republic,2005,Eastern Mediterranean,2,NA,NA,NA
Syrian Arab Republic,2006,Eastern Mediterranean,2,NA,NA,NA
Syrian Arab Republic,2007,Eastern Mediterranean,1,NA,NA,NA
Syrian Arab Republic,2008,Eastern Mediterranean,1,NA,NA,NA
Syrian Arab Republic,2009,Eastern Mediterranean,1,NA,NA,NA
Syrian Arab Republic,2010,Eastern Mediterranean,0,0,NA,NA
Syrian Arab Republic,2011,Eastern Mediterranean,0,0,NA,NA
Syrian Arab Republic,2012,Eastern Mediterranean,1,0,NA,NA
Syrian Arab Republic,2013,Eastern Mediterranean,1,0,NA,NA
Syrian Arab Republic,2014,Eastern Mediterranean,4,0,NA,NA
Tajikistan,2000,Europe,0,NA,NA,NA
Tajikistan,2001,Europe,0,NA,NA,NA
Tajikistan,2002,Europe,0,NA,NA,NA
Tajikistan,2003,Europe,0,NA,NA,NA
Tajikistan,2004,Europe,0,NA,NA,NA
Tajikistan,2005,Europe,0,NA,NA,NA
Tajikistan,2006,Europe,0,NA,NA,NA
Tajikistan,2007,Europe,0,NA,NA,NA
Tajikistan,2008,Europe,0,NA,NA,NA
Tajikistan,2009,Europe,0,NA,NA,NA
Tajikistan,2010,Europe,0,0,NA,NA
Tajikistan,2011,Europe,0,0,NA,NA
Tajikistan,2012,Europe,0,0,NA,NA
Tajikistan,2013,Europe,0,0,NA,NA
Tajikistan,2014,Europe,0,0,NA,NA
Tajikistan,2015,Europe,0,0,NA,NA
Tajikistan,2016,Europe,0,0,NA,NA
Thailand,2000,South-East Asia,625,NA,NA,NA
Thailand,2001,South-East Asia,424,NA,NA,NA
Thailand,2002,South-East Asia,361,NA,NA,NA
Thailand,2003,South-East Asia,204,NA,NA,NA
Thailand,2004,South-East Asia,230,NA,NA,NA
Thailand,2005,South-East Asia,161,NA,NA,NA
Thailand,2006,South-East Asia,113,NA,NA,NA
Thailand,2007,South-East Asia,97,NA,NA,NA
Thailand,2008,South-East Asia,101,NA,NA,NA
Thailand,2009,South-East Asia,70,NA,NA,NA
Thailand,2010,South-East Asia,80,80,NA,NA
Thailand,2011,South-East Asia,43,43,NA,NA
Thailand,2012,South-East Asia,37,37,NA,NA
Thailand,2013,South-East Asia,47,47,NA,NA
Thailand,2014,South-East Asia,38,38,NA,NA
Thailand,2015,South-East Asia,33,33,NA,NA
Thailand,2016,South-East Asia,27,27,NA,NA
Thailand,2017,South-East Asia,11,11,NA,NA
Timor-Leste,2004,South-East Asia,65,NA,NA,NA
Timor-Leste,2005,South-East Asia,71,NA,NA,NA
Timor-Leste,2006,South-East Asia,68,NA,NA,NA
Timor-Leste,2007,South-East Asia,60,NA,NA,NA
Timor-Leste,2008,South-East Asia,33,NA,NA,NA
Timor-Leste,2009,South-East Asia,53,NA,NA,NA
Timor-Leste,2010,South-East Asia,58,200,10,390
Timor-Leste,2011,South-East Asia,16,70,3,130
Timor-Leste,2012,South-East Asia,3,10,1,20
Timor-Leste,2013,South-East Asia,3,2,0,4
Timor-Leste,2014,South-East Asia,1,0,0,1
Timor-Leste,2015,South-East Asia,0,0,NA,NA
Timor-Leste,2016,South-East Asia,0,0,NA,NA
Timor-Leste,2017,South-East Asia,0,0,NA,NA
Togo,2001,Africa,1394,NA,NA,NA
Togo,2002,Africa,1661,NA,NA,NA
Togo,2003,Africa,1130,NA,NA,NA
Togo,2004,Africa,1183,NA,NA,NA
Togo,2005,Africa,1024,NA,NA,NA
Togo,2006,Africa,819,NA,NA,NA
Togo,2007,Africa,1236,NA,NA,NA
Togo,2008,Africa,2663,NA,NA,NA
Togo,2009,Africa,1556,NA,NA,NA
Togo,2010,Africa,1507,5064,4100,6030
Togo,2011,Africa,1314,4814,3910,5720
Togo,2012,Africa,1197,4676,3810,5540
Togo,2013,Africa,1361,4689,3820,5560
Togo,2014,Africa,1205,4933,4020,5850
Togo,2015,Africa,1205,5268,4290,6250
Togo,2016,Africa,847,5381,4370,6380
Togo,2017,Africa,995,5341,4360,6330
Turkey,2000,Europe,0,NA,NA,NA
Turkey,2001,Europe,0,NA,NA,NA
Turkey,2002,Europe,0,NA,NA,NA
Turkey,2003,Europe,0,NA,NA,NA
Turkey,2004,Europe,0,NA,NA,NA
Turkey,2005,Europe,0,NA,NA,NA
Turkey,2006,Europe,0,NA,NA,NA
Turkey,2007,Europe,1,NA,NA,NA
Turkey,2008,Europe,3,NA,NA,NA
Turkey,2009,Europe,1,NA,NA,NA
Turkey,2010,Europe,0,0,NA,NA
Turkey,2011,Europe,4,0,NA,NA
Turkey,2012,Europe,0,0,NA,NA
Turkey,2013,Europe,3,0,NA,NA
Turkey,2014,Europe,1,0,NA,NA
Turkey,2015,Europe,3,0,NA,NA
Turkey,2016,Europe,6,0,NA,NA
Turkmenistan,2000,Europe,0,NA,NA,NA
Turkmenistan,2001,Europe,0,NA,NA,NA
Turkmenistan,2002,Europe,0,NA,NA,NA
Turkmenistan,2003,Europe,0,NA,NA,NA
Turkmenistan,2004,Europe,0,NA,NA,NA
Turkmenistan,2005,Europe,0,NA,NA,NA
Turkmenistan,2006,Europe,0,NA,NA,NA
Turkmenistan,2007,Europe,0,NA,NA,NA
Turkmenistan,2008,Europe,0,NA,NA,NA
Turkmenistan,2009,Europe,0,NA,NA,NA
Turkmenistan,2010,Europe,0,0,NA,NA
Turkmenistan,2011,Europe,0,0,NA,NA
Turkmenistan,2012,Europe,0,0,NA,NA
Turkmenistan,2013,Europe,0,0,NA,NA
Turkmenistan,2014,Europe,0,0,NA,NA
Turkmenistan,2015,Europe,0,0,NA,NA
Turkmenistan,2016,Europe,0,0,NA,NA
Uganda,2006,Africa,4252,NA,NA,NA
Uganda,2007,Africa,7003,NA,NA,NA
Uganda,2008,Africa,2372,NA,NA,NA
Uganda,2009,Africa,6296,NA,NA,NA
Uganda,2010,Africa,8431,21558,17200,26000
Uganda,2011,Africa,5958,18393,14700,22100
Uganda,2012,Africa,6585,15821,12700,18900
Uganda,2013,Africa,7277,14254,11600,16900
Uganda,2014,Africa,5921,14003,11400,16600
Uganda,2015,Africa,6100,13809,11300,16300
Uganda,2016,Africa,5635,14101,11600,16600
Uganda,2017,Africa,5111,14390,11800,16900
United Republic of Tanzania,2000,Africa,379,NA,NA,NA
United Republic of Tanzania,2001,Africa,1228,NA,NA,NA
United Republic of Tanzania,2002,Africa,815,NA,NA,NA
United Republic of Tanzania,2003,Africa,15251,NA,NA,NA
United Republic of Tanzania,2004,Africa,19859,NA,NA,NA
United Republic of Tanzania,2005,Africa,18322,NA,NA,NA
United Republic of Tanzania,2006,Africa,20962,NA,NA,NA
United Republic of Tanzania,2007,Africa,12593,NA,NA,NA
United Republic of Tanzania,2008,Africa,12497,NA,NA,NA
United Republic of Tanzania,2009,Africa,16776,NA,NA,NA
United Republic of Tanzania,2010,Africa,15867,20281,17600,23000
United Republic of Tanzania,2011,Africa,11806,20131,17600,22700
United Republic of Tanzania,2012,Africa,7820,20124,17700,22600
United Republic of Tanzania,2013,Africa,8528,20990,18400,23600
United Republic of Tanzania,2014,Africa,5373,21330,18800,23900
United Republic of Tanzania,2015,Africa,6313,21662,19100,24200
United Republic of Tanzania,2016,Africa,5046,21981,19500,24500
United Republic of Tanzania,2017,Africa,3685,22301,19800,24800
Uzbekistan,2000,Europe,0,NA,NA,NA
Uzbekistan,2001,Europe,0,NA,NA,NA
Uzbekistan,2002,Europe,0,NA,NA,NA
Uzbekistan,2003,Europe,0,NA,NA,NA
Uzbekistan,2004,Europe,0,NA,NA,NA
Uzbekistan,2005,Europe,0,NA,NA,NA
Uzbekistan,2006,Europe,0,NA,NA,NA
Uzbekistan,2007,Europe,1,NA,NA,NA
Uzbekistan,2008,Europe,0,NA,NA,NA
Uzbekistan,2009,Europe,0,NA,NA,NA
Uzbekistan,2010,Europe,0,0,NA,NA
Uzbekistan,2011,Europe,0,0,NA,NA
Uzbekistan,2012,Europe,0,0,NA,NA
Uzbekistan,2013,Europe,0,0,NA,NA
Uzbekistan,2014,Europe,0,0,NA,NA
Uzbekistan,2015,Europe,0,0,NA,NA
Uzbekistan,2016,Europe,0,0,NA,NA
Vanuatu,2000,Western Pacific,3,NA,NA,NA
Vanuatu,2001,Western Pacific,4,NA,NA,NA
Vanuatu,2002,Western Pacific,13,NA,NA,NA
Vanuatu,2003,Western Pacific,14,NA,NA,NA
Vanuatu,2004,Western Pacific,3,NA,NA,NA
Vanuatu,2005,Western Pacific,5,NA,NA,NA
Vanuatu,2006,Western Pacific,1,NA,NA,NA
Vanuatu,2007,Western Pacific,5,NA,NA,NA
Vanuatu,2008,Western Pacific,4,NA,NA,NA
Vanuatu,2009,Western Pacific,2,NA,NA,NA
Vanuatu,2010,Western Pacific,1,20,2,40
Vanuatu,2011,Western Pacific,1,14,1,30
Vanuatu,2012,Western Pacific,0,12,1,20
Vanuatu,2013,Western Pacific,0,7,0,10
Vanuatu,2014,Western Pacific,0,2,0,4
Vanuatu,2015,Western Pacific,0,0,0,1
Vanuatu,2016,Western Pacific,0,2,0,4
Vanuatu,2017,Western Pacific,0,2,0,3
Venezuela (Bolivarian Republic of),2000,Americas,24,NA,NA,NA
Venezuela (Bolivarian Republic of),2001,Americas,28,NA,NA,NA
Venezuela (Bolivarian Republic of),2002,Americas,23,NA,NA,NA
Venezuela (Bolivarian Republic of),2003,Americas,40,NA,NA,NA
Venezuela (Bolivarian Republic of),2004,Americas,35,NA,NA,NA
Venezuela (Bolivarian Republic of),2005,Americas,17,NA,NA,NA
Venezuela (Bolivarian Republic of),2006,Americas,11,NA,NA,NA
Venezuela (Bolivarian Republic of),2007,Americas,16,NA,NA,NA
Venezuela (Bolivarian Republic of),2008,Americas,9,NA,NA,NA
Venezuela (Bolivarian Republic of),2009,Americas,11,NA,NA,NA
Venezuela (Bolivarian Republic of),2010,Americas,18,52,9,90
Venezuela (Bolivarian Republic of),2011,Americas,16,51,9,90
Venezuela (Bolivarian Republic of),2012,Americas,10,62,10,110
Venezuela (Bolivarian Republic of),2013,Americas,6,114,20,200
Venezuela (Bolivarian Republic of),2014,Americas,5,119,20,210
Venezuela (Bolivarian Republic of),2015,Americas,8,162,30,280
Venezuela (Bolivarian Republic of),2016,Americas,1,281,50,490
Viet Nam,2000,Western Pacific,142,NA,NA,NA
Viet Nam,2001,Western Pacific,91,NA,NA,NA
Viet Nam,2002,Western Pacific,50,NA,NA,NA
Viet Nam,2003,Western Pacific,50,NA,NA,NA
Viet Nam,2004,Western Pacific,34,NA,NA,NA
Viet Nam,2005,Western Pacific,18,NA,NA,NA
Viet Nam,2006,Western Pacific,41,NA,NA,NA
Viet Nam,2007,Western Pacific,20,NA,NA,NA
Viet Nam,2008,Western Pacific,25,NA,NA,NA
Viet Nam,2009,Western Pacific,26,NA,NA,NA
Viet Nam,2010,Western Pacific,21,45,2,80
Viet Nam,2011,Western Pacific,14,35,2,60
Viet Nam,2012,Western Pacific,8,40,3,70
Viet Nam,2013,Western Pacific,6,34,2,60
Viet Nam,2014,Western Pacific,6,29,2,50
Viet Nam,2015,Western Pacific,3,16,1,30
Viet Nam,2016,Western Pacific,3,8,0,10
Viet Nam,2017,Western Pacific,6,9,0,20
Yemen,2006,Eastern Mediterranean,73,NA,NA,NA
Yemen,2009,Eastern Mediterranean,38,NA,NA,NA
Yemen,2010,Eastern Mediterranean,92,2874,90,8490
Yemen,2011,Eastern Mediterranean,75,2013,70,4620
Yemen,2012,Eastern Mediterranean,72,2169,70,4360
Yemen,2013,Eastern Mediterranean,55,1805,60,3480
Yemen,2014,Eastern Mediterranean,23,2983,90,13600
Yemen,2015,Eastern Mediterranean,14,2607,80,11600
Yemen,2016,Eastern Mediterranean,65,1698,60,3290
Yemen,2017,Eastern Mediterranean,37,1926,70,3760
Zambia,2001,Africa,9369,NA,NA,NA
Zambia,2002,Africa,9021,NA,NA,NA
Zambia,2003,Africa,9178,NA,NA,NA
Zambia,2004,Africa,8289,NA,NA,NA
Zambia,2005,Africa,7737,NA,NA,NA
Zambia,2006,Africa,6484,NA,NA,NA
Zambia,2007,Africa,6183,NA,NA,NA
Zambia,2008,Africa,3781,NA,NA,NA
Zambia,2009,Africa,3862,NA,NA,NA
Zambia,2010,Africa,4834,6544,5580,7510
Zambia,2011,Africa,4540,6688,5710,7660
Zambia,2012,Africa,3705,6865,5870,7860
Zambia,2013,Africa,3548,7042,6040,8040
Zambia,2014,Africa,3257,7451,6380,8530
Zambia,2015,Africa,2389,7526,6470,8580
Zambia,2016,Africa,1827,7588,6540,8630
Zambia,2017,Africa,1425,7618,6600,8630
Zimbabwe,2002,Africa,1844,NA,NA,NA
Zimbabwe,2003,Africa,1044,NA,NA,NA
Zimbabwe,2004,Africa,1809,NA,NA,NA
Zimbabwe,2005,Africa,1916,NA,NA,NA
Zimbabwe,2006,Africa,802,NA,NA,NA
Zimbabwe,2007,Africa,401,NA,NA,NA
Zimbabwe,2008,Africa,232,NA,NA,NA
Zimbabwe,2009,Africa,108,NA,NA,NA
Zimbabwe,2010,Africa,255,2803,80,6190
Zimbabwe,2011,Africa,451,1839,50,3720
Zimbabwe,2012,Africa,351,1515,40,2980
Zimbabwe,2013,Africa,352,2211,70,4270
Zimbabwe,2014,Africa,406,2799,90,5290
Zimbabwe,2015,Africa,200,2769,80,5480
Zimbabwe,2016,Africa,351,1894,60,3800
Zimbabwe,2017,Africa,527,3172,90,6410
